powierzchnia,liczba_pokoi,wiek_domu,odleglosc_centrum,dzielnica,garaz,balkon,cena,cena_za_m2,metry_na_pokoj,wiek_kategoria,czy_nowy,blisko_centrum,duzy_dom,premium,dzielnica__Bemowo,dzielnica__Mokotów,dzielnica__Praga-Południe,dzielnica__Śródmieście,dzielnica__Żoliborz
28.6,2,96.0,3.5,Żoliborz,False,False,627000,21923.076923076922,14.3,stary,False,True,False,False,False,False,False,False,True
20.2,2,38.0,10.5,Bemowo,False,False,260000,12871.287128712871,10.1,stary,False,False,False,False,True,False,False,False,False
18.4,1,94.0,0.7,Śródmieście,False,False,647000,35163.04347826087,18.4,stary,False,True,False,False,False,False,False,True,False
44.8,2,45.0,3.4,Mokotów,False,False,609000,13593.75,22.4,stary,False,True,False,False,False,True,False,False,False
42.2,1,42.0,6.6,Bemowo,False,True,758000,17962.08530805687,42.2,stary,False,True,False,False,True,False,False,False,False
119.2,5,64.0,7.2,Mokotów,False,True,2678000,22466.442953020134,23.84,stary,False,True,True,False,False,True,False,False,False
65.0,3,91.0,3.8,Mokotów,False,False,1249000,19215.384615384617,21.666666666666668,stary,False,True,True,False,False,True,False,False,False
39.9,2,2.0,4.6,Żoliborz,True,True,893000,22380.95238095238,19.95,nowy,True,True,False,False,False,False,False,False,True
49.1,3,11.0,2.8,Śródmieście,False,True,1444000,29409.36863543788,16.366666666666667,sredni,False,True,True,False,False,False,False,True,False
29.7,2,59.0,4.4,Praga-Południe,False,False,560000,18855.218855218856,14.85,stary,False,True,False,False,False,False,True,False,False
60.2,2,43.0,6.3,Żoliborz,True,True,889000,14767.441860465116,30.1,stary,False,True,True,False,False,False,False,False,True
67.0,3,34.0,6.3,Mokotów,False,False,942000,14059.701492537313,22.333333333333332,stary,False,True,True,False,False,True,False,False,False
48.0,2,2.0,6.6,Bemowo,True,True,1128000,23500.0,24.0,nowy,True,True,True,False,True,False,False,False,False
80.0,3,32.0,2.1,Mokotów,False,True,1175000,14687.5,26.666666666666668,stary,False,True,True,False,False,True,False,False,False
49.1,3,51.0,7.1,Praga-Południe,False,True,746000,15193.48268839104,16.366666666666667,stary,False,True,True,False,False,False,True,False,False
46.7,2,32.0,7.9,Bemowo,True,True,827000,17708.779443254818,23.35,stary,False,True,True,False,True,False,False,False,False
27.1,1,41.0,3.9,Mokotów,False,False,522000,19261.992619926197,27.1,stary,False,True,False,False,False,True,False,False,False
47.6,2,37.0,5.8,Praga-Południe,True,True,850000,17857.142857142855,23.8,stary,False,True,True,False,False,False,True,False,False
48.7,2,50.0,2.1,Śródmieście,False,True,1115000,22895.277207392195,24.35,stary,False,True,True,False,False,False,False,True,False
47.5,2,95.0,1.2,Śródmieście,True,True,1615000,34000.0,23.75,stary,False,True,True,True,False,False,False,True,False
32.6,2,38.0,10.5,Bemowo,False,True,560000,17177.914110429447,16.3,stary,False,False,False,False,True,False,False,False,False
48.8,3,51.0,2.8,Mokotów,False,True,669000,13709.016393442624,16.266666666666666,stary,False,True,True,False,False,True,False,False,False
31.2,1,82.0,2.4,Mokotów,False,False,753000,24134.615384615387,31.2,stary,False,True,False,False,False,True,False,False,False
47.0,1,92.0,0.3,Śródmieście,False,True,1978000,42085.10638297872,47.0,stary,False,True,True,False,False,False,False,True,False
61.0,2,47.0,1.4,Żoliborz,False,True,928000,15213.11475409836,30.5,stary,False,True,True,False,False,False,False,False,True
60.8,2,45.0,6.4,Praga-Południe,True,False,1082000,17796.052631578947,30.4,stary,False,True,True,False,False,False,True,False,False
46.5,2,11.0,12.3,Bemowo,True,False,1094000,23526.88172043011,23.25,sredni,False,False,False,False,True,False,False,False,False
70.1,2,112.0,0.9,Śródmieście,False,True,2346000,33466.476462196864,35.05,,False,True,True,False,False,False,False,True,False
40.6,1,89.0,1.8,Żoliborz,True,True,1192000,29359.605911330047,40.6,stary,False,True,False,False,False,False,False,False,True
59.2,2,50.0,9.1,Bemowo,False,True,772000,13040.54054054054,29.6,stary,False,True,True,False,True,False,False,False,False
50.8,2,63.0,5.1,Praga-Południe,False,False,923000,18169.29133858268,25.4,stary,False,True,True,False,False,False,True,False,False
34.8,1,1.0,5.9,Praga-Południe,True,True,1243000,35718.3908045977,34.8,nowy,True,True,False,False,False,False,True,False,False
31.7,2,40.0,10.1,Bemowo,False,False,392000,12365.930599369085,15.85,stary,False,False,False,False,True,False,False,False,False
42.8,2,79.0,11.8,Bemowo,False,True,791000,18481.308411214955,21.4,stary,False,False,False,False,True,False,False,False,False
24.6,1,52.0,8.6,Mokotów,True,False,574000,23333.333333333332,24.6,stary,False,True,False,False,False,True,False,False,False
83.0,4,46.0,7.1,Bemowo,False,True,1187000,14301.204819277109,20.75,stary,False,True,True,False,True,False,False,False,False
47.0,2,109.0,1.9,Mokotów,False,False,1203000,25595.744680851065,23.5,,False,True,True,False,False,True,False,False,False
43.6,2,9.0,3.9,Mokotów,True,True,990000,22706.42201834862,21.8,sredni,False,True,False,True,False,True,False,False,False
43.2,2,37.0,3.0,Mokotów,False,False,633000,14652.777777777777,21.6,stary,False,True,False,False,False,True,False,False,False
48.7,3,45.0,3.9,Mokotów,True,False,753000,15462.012320328542,16.233333333333334,stary,False,True,True,False,False,True,False,False,False
40.6,1,38.0,4.0,Żoliborz,False,True,535000,13177.339901477832,40.6,stary,False,True,False,False,False,False,False,False,True
76.3,3,36.0,13.2,Praga-Południe,True,True,1171000,15347.313237221495,25.433333333333334,stary,False,False,True,False,False,False,True,False,False
49.6,2,47.0,12.6,Bemowo,False,True,799000,16108.870967741936,24.8,stary,False,False,True,False,True,False,False,False,False
63.5,2,1.0,1.0,Śródmieście,False,True,2387000,37590.55118110236,31.75,nowy,True,True,True,False,False,False,False,True,False
54.9,2,79.0,4.3,Praga-Południe,False,False,1358000,24735.883424408014,27.45,stary,False,True,True,False,False,False,True,False,False
21.1,2,41.0,0.6,Śródmieście,True,True,503000,23838.862559241705,10.55,stary,False,True,False,True,False,False,False,True,False
44.2,2,73.0,7.3,Mokotów,False,False,983000,22239.819004524885,22.1,stary,False,True,False,False,False,True,False,False,False
73.6,3,59.0,3.5,Żoliborz,False,False,1017000,13817.934782608696,24.53333333333333,stary,False,True,True,False,False,False,False,False,True
18.0,1,55.0,4.1,Bemowo,False,False,374000,20777.777777777777,18.0,stary,False,True,False,False,True,False,False,False,False
59.9,3,80.0,5.3,Mokotów,False,False,1326000,22136.894824707848,19.966666666666665,stary,False,True,True,False,False,True,False,False,False
42.3,2,70.0,5.0,Bemowo,True,True,910000,21513.002364066197,21.15,stary,False,True,False,False,True,False,False,False,False
34.5,2,11.0,6.5,Bemowo,True,True,930000,26956.521739130436,17.25,sredni,False,True,False,False,True,False,False,False,False
150.8,6,90.0,1.2,Śródmieście,False,True,4887000,32407.161803713527,25.133333333333336,stary,False,True,True,False,False,False,False,True,False
23.2,1,2.0,7.0,Mokotów,False,True,552000,23793.103448275862,23.2,nowy,True,True,False,False,False,True,False,False,False
57.6,2,93.0,8.6,Bemowo,False,False,1105000,19184.027777777777,28.8,stary,False,True,True,False,True,False,False,False,False
32.4,2,88.0,5.8,Praga-Południe,False,False,808000,24938.271604938273,16.2,stary,False,True,False,False,False,False,True,False,False
36.1,1,54.0,8.3,Praga-Południe,False,False,703000,19473.684210526317,36.1,stary,False,True,False,False,False,False,True,False,False
36.4,2,105.0,3.5,Bemowo,False,False,717000,19697.802197802197,18.2,,False,True,False,False,True,False,False,False,False
38.2,2,49.0,0.3,Śródmieście,False,True,834000,21832.46073298429,19.1,stary,False,True,False,False,False,False,False,True,False
46.8,2,0.0,4.1,Bemowo,False,True,1007000,21517.09401709402,23.4,,True,True,True,False,True,False,False,False,False
37.5,2,51.0,10.7,Praga-Południe,False,False,642000,17120.0,18.75,stary,False,False,False,False,False,False,True,False,False
61.0,2,11.0,5.0,Praga-Południe,True,False,1452000,23803.27868852459,30.5,sredni,False,True,True,False,False,False,True,False,False
37.7,2,37.0,1.9,Żoliborz,False,True,517000,13713.527851458884,18.85,stary,False,True,False,False,False,False,False,False,True
21.3,1,37.0,2.0,Śródmieście,False,True,510000,23943.661971830985,21.3,stary,False,True,False,False,False,False,False,True,False
30.6,2,74.0,6.0,Bemowo,False,False,648000,21176.470588235294,15.3,stary,False,True,False,False,True,False,False,False,False
37.5,1,2.0,5.9,Bemowo,False,False,1027000,27386.666666666668,37.5,nowy,True,True,False,False,True,False,False,False,False
35.9,1,109.0,1.1,Śródmieście,False,True,1226000,34150.41782729805,35.9,,False,True,False,False,False,False,False,True,False
63.4,2,11.0,6.2,Praga-Południe,True,False,1355000,21372.23974763407,31.7,sredni,False,True,True,False,False,False,True,False,False
33.4,2,39.0,1.9,Śródmieście,False,True,721000,21586.82634730539,16.7,stary,False,True,False,False,False,False,False,True,False
58.9,3,92.0,2.7,Mokotów,False,True,1158000,19660.44142614601,19.633333333333333,stary,False,True,True,False,False,True,False,False,False
51.7,2,31.0,0.9,Mokotów,False,True,996000,19264.990328820117,25.85,stary,False,True,True,False,False,True,False,False,False
18.0,2,45.0,0.7,Śródmieście,False,True,445000,24722.222222222223,9.0,stary,False,True,False,False,False,False,False,True,False
30.9,1,84.0,1.9,Żoliborz,False,True,852000,27572.815533980585,30.9,stary,False,True,False,False,False,False,False,False,True
55.4,2,38.0,3.8,Praga-Południe,False,True,852000,15379.061371841155,27.7,stary,False,True,True,False,False,False,True,False,False
43.7,2,33.0,10.5,Praga-Południe,True,False,824000,18855.8352402746,21.85,stary,False,False,False,False,False,False,True,False,False
44.9,2,47.0,4.4,Praga-Południe,False,True,655000,14587.973273942094,22.45,stary,False,True,False,False,False,False,True,False,False
54.1,2,110.0,3.8,Żoliborz,True,False,1469000,27153.419593345654,27.05,,False,True,True,False,False,False,False,False,True
29.2,1,35.0,4.6,Bemowo,True,True,648000,22191.780821917808,29.2,stary,False,True,False,False,True,False,False,False,False
45.0,2,102.0,0.4,Śródmieście,False,False,1259000,27977.777777777777,22.5,,False,True,False,False,False,False,False,True,False
31.2,1,60.0,6.2,Praga-Południe,False,False,794000,25448.71794871795,31.2,stary,False,True,False,False,False,False,True,False,False
61.1,2,95.0,1.5,Śródmieście,False,True,1877000,30720.13093289689,30.55,stary,False,True,True,False,False,False,False,True,False
26.7,1,87.0,6.5,Żoliborz,False,True,740000,27715.355805243446,26.7,stary,False,True,False,False,False,False,False,False,True
30.5,2,109.0,9.7,Praga-Południe,False,True,694000,22754.09836065574,15.25,,False,True,False,False,False,False,True,False,False
39.7,1,69.0,3.8,Żoliborz,False,True,921000,23198.992443324936,39.7,stary,False,True,False,False,False,False,False,False,True
30.0,1,45.0,2.1,Mokotów,False,False,560000,18666.666666666668,30.0,stary,False,True,False,False,False,True,False,False,False
30.8,1,99.0,3.3,Bemowo,False,True,754000,24480.51948051948,30.8,stary,False,True,False,False,True,False,False,False,False
81.2,4,103.0,7.7,Praga-Południe,False,False,1779000,21908.86699507389,20.3,,False,True,True,False,False,False,True,False,False
46.9,2,7.0,4.7,Mokotów,False,True,910000,19402.985074626868,23.45,sredni,False,True,True,False,False,True,False,False,False
40.4,2,7.0,6.7,Bemowo,True,True,1027000,25420.79207920792,20.2,sredni,False,True,False,False,True,False,False,False,False
27.4,1,88.0,12.5,Bemowo,False,False,668000,24379.56204379562,27.4,stary,False,False,False,False,True,False,False,False,False
76.8,4,87.0,0.5,Śródmieście,False,True,2591000,33736.97916666667,19.2,stary,False,True,True,False,False,False,False,True,False
65.8,4,32.0,4.7,Praga-Południe,False,False,1138000,17294.832826747723,16.45,stary,False,True,True,False,False,False,True,False,False
86.9,4,51.0,2.6,Mokotów,False,True,1537000,17686.99654775604,21.725,stary,False,True,True,False,False,True,False,False,False
41.1,2,6.0,0.3,Śródmieście,True,True,1448000,35231.143552311434,20.55,sredni,False,True,False,True,False,False,False,True,False
41.4,1,30.0,5.0,Mokotów,False,True,792000,19130.434782608696,41.4,stary,False,True,False,False,False,True,False,False,False
19.7,1,35.0,3.8,Mokotów,False,True,354000,17969.54314720812,19.7,stary,False,True,False,False,False,True,False,False,False
144.6,6,0.0,3.8,Bemowo,True,True,3783000,26161.82572614108,24.099999999999998,,True,True,True,False,True,False,False,False,False
55.6,2,81.0,6.3,Bemowo,False,True,1314000,23633.093525179855,27.8,stary,False,True,True,False,True,False,False,False,False
52.8,2,51.0,7.0,Praga-Południe,False,False,827000,15662.878787878788,26.4,stary,False,True,True,False,False,False,True,False,False
73.8,3,47.0,7.7,Bemowo,False,False,967000,13102.981029810298,24.599999999999998,stary,False,True,True,False,True,False,False,False,False
32.1,1,7.0,7.5,Mokotów,False,True,888000,27663.551401869157,32.1,sredni,False,True,False,False,False,True,False,False,False
84.9,4,115.0,0.8,Śródmieście,True,True,2751000,32402.826855123672,21.225,,False,True,True,True,False,False,False,True,False
52.4,2,59.0,8.5,Bemowo,False,True,858000,16374.045801526718,26.2,stary,False,True,True,False,True,False,False,False,False
56.3,3,3.0,5.0,Bemowo,True,True,1228000,21811.722912966252,18.766666666666666,nowy,True,True,True,False,True,False,False,False,False
101.4,4,47.0,3.0,Mokotów,False,False,1760000,17357.001972386588,25.35,stary,False,True,True,False,False,True,False,False,False
41.2,2,85.0,1.6,Mokotów,False,True,825000,20024.271844660194,20.6,stary,False,True,False,False,False,True,False,False,False
26.1,1,31.0,8.1,Praga-Południe,True,False,578000,22145.593869731798,26.1,stary,False,True,False,False,False,False,True,False,False
43.3,2,87.0,0.5,Śródmieście,False,True,1419000,32771.362586605086,21.65,stary,False,True,False,False,False,False,False,True,False
70.6,3,43.0,2.9,Mokotów,False,False,1075000,15226.628895184138,23.53333333333333,stary,False,True,True,False,False,True,False,False,False
57.5,2,64.0,8.4,Praga-Południe,False,True,940000,16347.826086956522,28.75,stary,False,True,True,False,False,False,True,False,False
43.6,1,50.0,5.8,Mokotów,False,False,787000,18050.45871559633,43.6,stary,False,True,False,False,False,True,False,False,False
59.8,2,86.0,4.5,Bemowo,True,False,1294000,21638.795986622074,29.9,stary,False,True,True,False,True,False,False,False,False
43.4,2,66.0,14.8,Bemowo,True,True,772000,17788.018433179725,21.7,stary,False,False,False,False,True,False,False,False,False
30.0,1,8.0,8.0,Bemowo,True,True,876000,29200.0,30.0,sredni,False,True,False,False,True,False,False,False,False
39.9,2,77.0,10.6,Mokotów,False,True,690000,17293.233082706767,19.95,stary,False,False,False,False,False,True,False,False,False
40.6,1,36.0,2.8,Żoliborz,False,False,684000,16847.290640394087,40.6,stary,False,True,False,False,False,False,False,False,True
56.3,2,33.0,2.4,Praga-Południe,False,True,958000,17015.985790408526,28.15,stary,False,True,True,False,False,False,True,False,False
82.3,3,10.0,8.4,Bemowo,False,False,1462000,17764.277035236937,27.433333333333334,sredni,False,True,True,False,True,False,False,False,False
35.8,1,46.0,4.3,Śródmieście,True,True,873000,24385.474860335198,35.8,stary,False,True,False,True,False,False,False,True,False
38.5,2,86.0,7.2,Praga-Południe,False,True,957000,24857.14285714286,19.25,stary,False,True,False,False,False,False,True,False,False
42.2,2,43.0,3.2,Mokotów,False,False,675000,15995.260663507108,21.1,stary,False,True,False,False,False,True,False,False,False
125.6,6,1.0,1.0,Mokotów,False,False,3229000,25708.59872611465,20.933333333333334,nowy,True,True,True,False,False,True,False,False,False
71.5,3,50.0,2.3,Mokotów,False,True,1133000,15846.153846153846,23.833333333333332,stary,False,True,True,False,False,True,False,False,False
56.2,2,6.0,5.4,Mokotów,True,True,1536000,27330.960854092526,28.1,sredni,False,True,True,True,False,True,False,False,False
49.3,2,43.0,3.9,Praga-Południe,False,True,845000,17139.959432048683,24.65,stary,False,True,True,False,False,False,True,False,False
32.1,2,104.0,6.6,Żoliborz,True,True,786000,24485.981308411214,16.05,,False,True,False,False,False,False,False,False,True
63.4,2,96.0,1.2,Mokotów,False,True,1478000,23312.30283911672,31.7,stary,False,True,True,False,False,True,False,False,False
29.6,2,58.0,1.9,Mokotów,False,False,529000,17871.62162162162,14.8,stary,False,True,False,False,False,True,False,False,False
35.5,1,88.0,7.2,Żoliborz,False,True,994000,28000.0,35.5,stary,False,True,False,False,False,False,False,False,True
30.0,1,68.0,1.5,Śródmieście,False,True,1077000,35900.0,30.0,stary,False,True,False,False,False,False,False,True,False
36.7,2,47.0,11.9,Praga-Południe,False,False,536000,14604.904632152588,18.35,stary,False,False,False,False,False,False,True,False,False
35.3,1,58.0,0.5,Śródmieście,True,True,1147000,32492.9178470255,35.3,stary,False,True,False,True,False,False,False,True,False
53.6,2,11.0,5.3,Mokotów,True,True,1328000,24776.119402985074,26.8,sredni,False,True,True,True,False,True,False,False,False
21.8,1,7.0,3.4,Mokotów,False,True,657000,30137.61467889908,21.8,sredni,False,True,False,False,False,True,False,False,False
49.3,2,41.0,4.4,Praga-Południe,False,False,676000,13711.967545638947,24.65,stary,False,True,True,False,False,False,True,False,False
70.0,3,104.0,1.4,Śródmieście,False,False,2055000,29357.14285714286,23.333333333333332,,False,True,True,False,False,False,False,True,False
54.1,2,42.0,2.5,Praga-Południe,False,True,941000,17393.715341959334,27.05,stary,False,True,True,False,False,False,True,False,False
42.4,2,89.0,6.8,Żoliborz,True,True,1061000,25023.584905660377,21.2,stary,False,True,False,False,False,False,False,False,True
49.7,2,75.0,9.9,Praga-Południe,False,True,992000,19959.758551307845,24.85,stary,False,True,True,False,False,False,True,False,False
27.1,1,46.0,4.8,Mokotów,False,True,489000,18044.280442804426,27.1,stary,False,True,False,False,False,True,False,False,False
25.2,1,40.0,7.7,Bemowo,False,False,453000,17976.190476190477,25.2,stary,False,True,False,False,True,False,False,False,False
37.2,1,38.0,2.7,Praga-Południe,False,True,814000,21881.720430107525,37.2,stary,False,True,False,False,False,False,True,False,False
57.6,3,47.0,2.8,Mokotów,False,False,780000,13541.666666666666,19.2,stary,False,True,True,False,False,True,False,False,False
52.1,1,31.0,1.9,Śródmieście,False,False,1332000,25566.218809980805,52.1,stary,False,True,True,False,False,False,False,True,False
25.1,1,31.0,4.1,Praga-Południe,False,True,540000,21513.94422310757,25.1,stary,False,True,False,False,False,False,True,False,False
88.3,3,10.0,8.8,Bemowo,True,True,1619000,18335.220838052097,29.433333333333334,sredni,False,True,True,False,True,False,False,False,False
30.6,2,4.0,8.6,Mokotów,True,True,794000,25947.712418300653,15.3,nowy,True,True,False,True,False,True,False,False,False
83.9,3,37.0,6.6,Bemowo,False,True,1196000,14255.065554231227,27.96666666666667,stary,False,True,True,False,True,False,False,False,False
125.0,6,38.0,9.0,Praga-Południe,True,True,2030000,16240.0,20.833333333333332,stary,False,True,True,False,False,False,True,False,False
67.2,3,35.0,3.1,Mokotów,False,False,1054000,15684.52380952381,22.400000000000002,stary,False,True,True,False,False,True,False,False,False
24.9,2,97.0,5.3,Bemowo,False,False,562000,22570.281124497993,12.45,stary,False,True,False,False,True,False,False,False,False
83.8,4,108.0,6.0,Praga-Południe,False,False,2013000,24021.479713603818,20.95,,False,True,True,False,False,False,True,False,False
58.7,3,68.0,16.3,Bemowo,False,False,944000,16081.771720613287,19.566666666666666,stary,False,False,True,False,True,False,False,False,False
61.4,3,100.0,6.9,Praga-Południe,False,True,1067000,17377.85016286645,20.466666666666665,stary,False,True,True,False,False,False,True,False,False
60.5,2,32.0,6.5,Żoliborz,False,False,1012000,16727.272727272728,30.25,stary,False,True,True,False,False,False,False,False,True
51.5,1,73.0,7.2,Bemowo,False,False,1131000,21961.165048543688,51.5,stary,False,True,True,False,True,False,False,False,False
52.6,2,45.0,3.7,Mokotów,False,True,996000,18935.361216730038,26.3,stary,False,True,True,False,False,True,False,False,False
42.8,1,41.0,5.5,Praga-Południe,False,False,760000,17757.009345794395,42.8,stary,False,True,False,False,False,False,True,False,False
73.2,3,31.0,5.8,Mokotów,False,True,1114000,15218.579234972676,24.400000000000002,stary,False,True,True,False,False,True,False,False,False
47.3,2,77.0,9.2,Bemowo,False,False,1039000,21966.1733615222,23.65,stary,False,True,True,False,True,False,False,False,False
57.9,3,46.0,6.8,Bemowo,True,False,999000,17253.886010362694,19.3,stary,False,True,True,False,True,False,False,False,False
58.4,3,53.0,4.5,Praga-Południe,False,True,916000,15684.931506849316,19.466666666666665,stary,False,True,True,False,False,False,True,False,False
50.5,2,86.0,4.4,Mokotów,False,True,1098000,21742.574257425742,25.25,stary,False,True,True,False,False,True,False,False,False
39.9,2,6.0,6.9,Mokotów,False,False,1019000,25538.84711779449,19.95,sredni,False,True,False,False,False,True,False,False,False
52.3,2,90.0,2.4,Mokotów,False,False,1266000,24206.500956022945,26.15,stary,False,True,True,False,False,True,False,False,False
26.9,1,98.0,3.3,Mokotów,False,False,672000,24981.412639405207,26.9,stary,False,True,False,False,False,True,False,False,False
28.1,1,80.0,3.8,Mokotów,False,True,943000,33558.71886120996,28.1,stary,False,True,False,False,False,True,False,False,False
47.0,2,3.0,1.5,Mokotów,False,True,1124000,23914.893617021276,23.5,nowy,True,True,True,False,False,True,False,False,False
42.3,2,1.0,7.6,Bemowo,True,True,1107000,26170.212765957447,21.15,nowy,True,True,False,False,True,False,False,False,False
39.2,2,37.0,2.6,Praga-Południe,False,False,675000,17219.387755102038,19.6,stary,False,True,False,False,False,False,True,False,False
41.9,2,34.0,5.1,Praga-Południe,False,False,647000,15441.527446300717,20.95,stary,False,True,False,False,False,False,True,False,False
38.9,1,6.0,12.7,Bemowo,False,True,1033000,26555.26992287918,38.9,sredni,False,False,False,False,True,False,False,False,False
28.2,2,8.0,8.3,Bemowo,False,False,641000,22730.49645390071,14.1,sredni,False,True,False,False,True,False,False,False,False
51.5,2,94.0,1.9,Śródmieście,False,True,1892000,36737.8640776699,25.75,stary,False,True,True,False,False,False,False,True,False
51.7,2,47.0,5.1,Bemowo,False,False,788000,15241.779497098645,25.85,stary,False,True,True,False,True,False,False,False,False
50.1,2,118.0,1.8,Żoliborz,False,True,1127000,22495.00998003992,25.05,,False,True,True,False,False,False,False,False,True
40.3,2,64.0,10.8,Bemowo,False,True,782000,19404.466501240695,20.15,stary,False,False,False,False,True,False,False,False,False
47.2,2,94.0,0.6,Śródmieście,False,True,1891000,40063.55932203389,23.6,stary,False,True,True,False,False,False,False,True,False
48.4,3,99.0,2.2,Żoliborz,False,True,1035000,21384.29752066116,16.133333333333333,stary,False,True,True,False,False,False,False,False,True
35.2,2,103.0,4.6,Mokotów,False,True,754000,21420.454545454544,17.6,,False,True,False,False,False,True,False,False,False
63.6,3,42.0,4.7,Bemowo,True,True,815000,12814.465408805032,21.2,stary,False,True,True,False,True,False,False,False,False
84.7,3,62.0,7.7,Bemowo,False,True,1481000,17485.242030696576,28.233333333333334,stary,False,True,True,False,True,False,False,False,False
51.4,2,36.0,13.2,Bemowo,False,True,845000,16439.688715953307,25.7,stary,False,False,True,False,True,False,False,False,False
51.0,2,11.0,7.8,Praga-Południe,False,True,1075000,21078.43137254902,25.5,sredni,False,True,True,False,False,False,True,False,False
30.2,2,10.0,8.6,Bemowo,False,True,647000,21423.841059602648,15.1,sredni,False,True,False,False,True,False,False,False,False
38.5,2,34.0,4.5,Bemowo,True,False,707000,18363.636363636364,19.25,stary,False,True,False,False,True,False,False,False,False
45.3,1,46.0,2.9,Żoliborz,False,False,821000,18123.620309050773,45.3,stary,False,True,False,False,False,False,False,False,True
69.2,3,8.0,3.5,Mokotów,False,True,1652000,23872.832369942196,23.066666666666666,sredni,False,True,True,False,False,True,False,False,False
42.0,2,5.0,6.5,Praga-Południe,False,True,870000,20714.285714285714,21.0,nowy,False,True,False,False,False,False,True,False,False
34.7,2,104.0,15.3,Praga-Południe,False,True,598000,17233.42939481268,17.35,,False,False,False,False,False,False,True,False,False
33.9,3,48.0,3.8,Praga-Południe,True,True,555000,16371.681415929204,11.299999999999999,stary,False,True,False,False,False,False,True,False,False
104.7,5,45.0,9.0,Mokotów,True,True,1706000,16294.173829990448,20.94,stary,False,True,True,True,False,True,False,False,False
69.8,4,1.0,4.3,Mokotów,False,True,1768000,25329.51289398281,17.45,nowy,True,True,True,False,False,True,False,False,False
37.2,1,41.0,8.4,Praga-Południe,False,True,682000,18333.333333333332,37.2,stary,False,True,False,False,False,False,True,False,False
61.3,2,107.0,5.5,Bemowo,False,True,1250000,20391.517128874388,30.65,,False,True,True,False,True,False,False,False,False
51.7,3,7.0,2.1,Mokotów,True,False,1162000,22475.822050290135,17.233333333333334,sredni,False,True,True,False,False,True,False,False,False
58.9,2,71.0,2.5,Mokotów,False,False,1184000,20101.867572156196,29.45,stary,False,True,True,False,False,True,False,False,False
33.2,2,34.0,9.4,Bemowo,False,False,423000,12740.963855421685,16.6,stary,False,True,False,False,True,False,False,False,False
38.6,2,38.0,11.1,Bemowo,False,True,588000,15233.160621761657,19.3,stary,False,False,False,False,True,False,False,False,False
34.0,1,108.0,1.0,Śródmieście,True,False,1581000,46500.0,34.0,,False,True,False,False,False,False,False,True,False
35.3,2,4.0,11.4,Praga-Południe,False,True,925000,26203.966005665723,17.65,nowy,True,False,False,False,False,False,True,False,False
43.1,1,49.0,6.0,Żoliborz,False,True,737000,17099.767981438516,43.1,stary,False,True,False,False,False,False,False,False,True
39.0,2,5.0,2.0,Mokotów,False,False,870000,22307.69230769231,19.5,nowy,False,True,False,False,False,True,False,False,False
34.8,2,119.0,1.1,Żoliborz,False,True,731000,21005.747126436785,17.4,,False,True,False,False,False,False,False,False,True
36.6,2,52.0,1.9,Śródmieście,False,False,790000,21584.69945355191,18.3,stary,False,True,False,False,False,False,False,True,False
76.6,3,3.0,1.5,Mokotów,True,True,1743000,22754.569190600523,25.53333333333333,nowy,True,True,True,True,False,True,False,False,False
42.3,3,109.0,6.6,Praga-Południe,False,True,839000,19834.51536643026,14.1,,False,True,False,False,False,False,True,False,False
31.1,2,47.0,3.8,Mokotów,False,True,511000,16430.86816720257,15.55,stary,False,True,False,False,False,True,False,False,False
80.9,3,44.0,5.5,Bemowo,False,True,1045000,12917.18170580964,26.96666666666667,stary,False,True,True,False,True,False,False,False,False
49.8,2,69.0,3.8,Praga-Południe,False,True,1170000,23493.97590361446,24.9,stary,False,True,True,False,False,False,True,False,False
84.4,3,79.0,5.7,Bemowo,False,False,1313000,15556.87203791469,28.133333333333336,stary,False,True,True,False,True,False,False,False,False
33.3,1,53.0,6.9,Praga-Południe,False,True,729000,21891.891891891893,33.3,stary,False,True,False,False,False,False,True,False,False
79.7,3,89.0,12.4,Bemowo,True,True,1460000,18318.695106649935,26.566666666666666,stary,False,False,True,False,True,False,False,False,False
39.9,1,79.0,11.9,Bemowo,True,False,982000,24611.528822055137,39.9,stary,False,False,False,False,True,False,False,False,False
52.6,3,32.0,13.3,Bemowo,False,True,790000,15019.011406844105,17.533333333333335,stary,False,False,True,False,True,False,False,False,False
85.2,4,8.0,10.4,Praga-Południe,True,True,1793000,21044.600938967134,21.3,sredni,False,False,True,False,False,False,True,False,False
116.4,5,115.0,1.4,Żoliborz,True,True,2837000,24372.852233676975,23.28,,False,True,True,False,False,False,False,False,True
31.5,1,118.0,7.1,Żoliborz,False,False,860000,27301.5873015873,31.5,,False,True,False,False,False,False,False,False,True
59.0,2,2.0,1.5,Śródmieście,True,False,2030000,34406.779661016946,29.5,nowy,True,True,True,False,False,False,False,True,False
31.6,2,46.0,5.1,Bemowo,False,False,509000,16107.59493670886,15.8,stary,False,True,False,False,True,False,False,False,False
53.6,3,38.0,1.1,Mokotów,False,False,753000,14048.507462686566,17.866666666666667,stary,False,True,True,False,False,True,False,False,False
45.6,2,10.0,3.9,Mokotów,False,True,1035000,22697.36842105263,22.8,sredni,False,True,False,False,False,True,False,False,False
53.3,2,50.0,4.2,Mokotów,False,True,986000,18499.06191369606,26.65,stary,False,True,True,False,False,True,False,False,False
24.2,1,3.0,5.6,Mokotów,True,True,698000,28842.975206611573,24.2,nowy,True,True,False,True,False,True,False,False,False
45.0,2,49.0,2.8,Śródmieście,False,False,1105000,24555.555555555555,22.5,stary,False,True,False,False,False,False,False,True,False
43.2,2,112.0,9.2,Żoliborz,False,True,948000,21944.44444444444,21.6,,False,True,False,False,False,False,False,False,True
38.1,2,1.0,10.2,Bemowo,True,True,952000,24986.876640419945,19.05,nowy,True,False,False,False,True,False,False,False,False
37.0,2,56.0,4.0,Mokotów,False,False,640000,17297.297297297297,18.5,stary,False,True,False,False,False,True,False,False,False
77.8,3,81.0,6.6,Bemowo,False,True,1452000,18663.23907455013,25.933333333333334,stary,False,True,True,False,True,False,False,False,False
101.9,4,3.0,9.8,Praga-Południe,False,True,2504000,24573.110893032383,25.475,nowy,True,True,True,False,False,False,True,False,False
54.4,3,43.0,5.1,Praga-Południe,False,True,891000,16378.676470588236,18.133333333333333,stary,False,True,True,False,False,False,True,False,False
139.0,6,39.0,1.3,Mokotów,False,True,1817000,13071.942446043166,23.166666666666668,stary,False,True,True,False,False,True,False,False,False
59.2,3,94.0,5.2,Bemowo,False,True,1045000,17652.027027027027,19.733333333333334,stary,False,True,True,False,True,False,False,False,False
61.9,3,31.0,3.4,Mokotów,False,True,1030000,16639.741518578354,20.633333333333333,stary,False,True,True,False,False,True,False,False,False
27.5,1,9.0,1.8,Mokotów,True,True,719000,26145.454545454544,27.5,sredni,False,True,False,True,False,True,False,False,False
18.0,1,55.0,4.7,Mokotów,False,False,328000,18222.222222222223,18.0,stary,False,True,False,False,False,True,False,False,False
61.7,3,44.0,3.8,Mokotów,False,True,1123000,18200.97244732577,20.566666666666666,stary,False,True,True,False,False,True,False,False,False
105.0,4,52.0,0.5,Śródmieście,False,False,2346000,22342.85714285714,26.25,stary,False,True,True,False,False,False,False,True,False
26.6,1,52.0,8.7,Praga-Południe,False,False,531000,19962.40601503759,26.6,stary,False,True,False,False,False,False,True,False,False
39.2,2,84.0,5.8,Mokotów,False,False,804000,20510.20408163265,19.6,stary,False,True,False,False,False,True,False,False,False
42.9,2,59.0,2.9,Bemowo,False,False,707000,16480.18648018648,21.45,stary,False,True,False,False,True,False,False,False,False
20.8,1,37.0,7.8,Praga-Południe,True,False,493000,23701.923076923074,20.8,stary,False,True,False,False,False,False,True,False,False
36.6,1,62.0,1.8,Mokotów,False,True,821000,22431.69398907104,36.6,stary,False,True,False,False,False,True,False,False,False
66.2,3,51.0,3.6,Praga-Południe,True,True,927000,14003.021148036252,22.066666666666666,stary,False,True,True,False,False,False,True,False,False
54.6,2,49.0,15.8,Praga-Południe,False,False,926000,16959.70695970696,27.3,stary,False,False,True,False,False,False,True,False,False
30.3,1,77.0,3.7,Mokotów,False,True,784000,25874.587458745875,30.3,stary,False,True,False,False,False,True,False,False,False
69.6,3,43.0,11.8,Praga-Południe,False,True,797000,11451.149425287358,23.2,stary,False,False,True,False,False,False,True,False,False
36.6,2,80.0,2.1,Mokotów,False,False,846000,23114.754098360656,18.3,stary,False,True,False,False,False,True,False,False,False
37.2,1,90.0,4.0,Żoliborz,False,True,1006000,27043.01075268817,37.2,stary,False,True,False,False,False,False,False,False,True
46.3,2,66.0,7.6,Bemowo,False,True,902000,19481.64146868251,23.15,stary,False,True,False,False,True,False,False,False,False
63.2,3,110.0,2.0,Żoliborz,False,True,1047000,16566.45569620253,21.066666666666666,,False,True,True,False,False,False,False,False,True
63.1,3,8.0,5.0,Praga-Południe,False,True,1427000,22614.896988906497,21.033333333333335,sredni,False,True,True,False,False,False,True,False,False
47.5,1,92.0,6.6,Praga-Południe,False,False,1299000,27347.36842105263,47.5,stary,False,True,True,False,False,False,True,False,False
60.1,2,38.0,7.2,Praga-Południe,False,False,946000,15740.432612312812,30.05,stary,False,True,True,False,False,False,True,False,False
40.2,1,79.0,7.3,Bemowo,False,True,971000,24154.22885572139,40.2,stary,False,True,False,False,True,False,False,False,False
35.6,3,101.0,0.9,Śródmieście,True,False,1153000,32387.6404494382,11.866666666666667,,False,True,False,False,False,False,False,True,False
44.0,2,1.0,11.0,Bemowo,False,True,879000,19977.272727272728,22.0,nowy,True,False,False,False,True,False,False,False,False
50.5,2,37.0,5.1,Praga-Południe,True,True,905000,17920.79207920792,25.25,stary,False,True,True,False,False,False,True,False,False
70.9,3,59.0,3.3,Bemowo,False,False,1044000,14724.96473906911,23.633333333333336,stary,False,True,True,False,True,False,False,False,False
42.7,2,40.0,1.1,Mokotów,False,True,704000,16487.11943793911,21.35,stary,False,True,False,False,False,True,False,False,False
60.9,2,102.0,4.6,Bemowo,False,True,1426000,23415.43513957307,30.45,,False,True,True,False,True,False,False,False,False
93.0,4,102.0,1.2,Śródmieście,False,False,3291000,35387.096774193546,23.25,,False,True,True,False,False,False,False,True,False
36.2,2,51.0,5.6,Bemowo,False,False,539000,14889.502762430939,18.1,stary,False,True,False,False,True,False,False,False,False
39.7,3,79.0,1.4,Mokotów,True,False,805000,20277.078085642315,13.233333333333334,stary,False,True,False,False,False,True,False,False,False
35.1,1,30.0,0.3,Śródmieście,False,False,950000,27065.527065527065,35.1,stary,False,True,False,False,False,False,False,True,False
50.5,2,109.0,0.7,Żoliborz,False,False,1151000,22792.079207920793,25.25,,False,True,True,False,False,False,False,False,True
58.1,2,45.0,5.6,Praga-Południe,False,True,934000,16075.731497418245,29.05,stary,False,True,True,False,False,False,True,False,False
50.3,2,77.0,9.6,Praga-Południe,False,True,1026000,20397.614314115308,25.15,stary,False,True,True,False,False,False,True,False,False
42.9,1,46.0,5.2,Praga-Południe,True,True,727000,16946.38694638695,42.9,stary,False,True,False,False,False,False,True,False,False
32.9,1,2.0,1.1,Śródmieście,True,True,1234000,37507.59878419453,32.9,nowy,True,True,False,True,False,False,False,True,False
40.8,2,62.0,15.0,Bemowo,False,False,639000,15661.764705882353,20.4,stary,False,False,False,False,True,False,False,False,False
56.6,1,30.0,0.8,Żoliborz,False,True,1067000,18851.59010600707,56.6,stary,False,True,True,False,False,False,False,False,True
36.2,2,10.0,3.0,Żoliborz,False,True,746000,20607.734806629833,18.1,sredni,False,True,False,False,False,False,False,False,True
54.4,2,61.0,8.5,Bemowo,False,False,1011000,18584.558823529413,27.2,stary,False,True,True,False,True,False,False,False,False
54.4,1,97.0,1.1,Śródmieście,False,False,2233000,41047.79411764706,54.4,stary,False,True,True,False,False,False,False,True,False
46.7,2,104.0,6.9,Bemowo,False,True,996000,21327.623126338327,23.35,,False,True,True,False,True,False,False,False,False
26.7,2,2.0,11.9,Bemowo,False,True,655000,24531.83520599251,13.35,nowy,True,False,False,False,True,False,False,False,False
32.7,2,31.0,6.5,Bemowo,False,True,521000,15932.721712538225,16.35,stary,False,True,False,False,True,False,False,False,False
101.0,4,50.0,6.6,Bemowo,False,True,1570000,15544.554455445545,25.25,stary,False,True,True,False,True,False,False,False,False
49.5,2,46.0,4.9,Bemowo,False,True,791000,15979.79797979798,24.75,stary,False,True,True,False,True,False,False,False,False
39.4,2,50.0,6.2,Bemowo,False,True,783000,19873.096446700507,19.7,stary,False,True,False,False,True,False,False,False,False
47.8,2,6.0,1.0,Mokotów,True,True,976000,20418.410041841005,23.9,sredni,False,True,True,True,False,True,False,False,False
36.4,1,52.0,7.1,Mokotów,True,False,801000,22005.494505494506,36.4,stary,False,True,False,False,False,True,False,False,False
39.4,1,48.0,4.0,Mokotów,False,True,755000,19162.43654822335,39.4,stary,False,True,False,False,False,True,False,False,False
83.5,3,74.0,6.6,Mokotów,False,True,1565000,18742.51497005988,27.833333333333332,stary,False,True,True,False,False,True,False,False,False
28.9,1,44.0,4.8,Praga-Południe,False,False,612000,21176.470588235294,28.9,stary,False,True,False,False,False,False,True,False,False
77.2,4,5.0,1.2,Praga-Południe,True,True,1928000,24974.093264248702,19.3,nowy,False,True,True,False,False,False,True,False,False
144.6,6,0.0,3.8,Bemowo,True,True,3783000,26161.82572614108,24.099999999999998,,True,True,True,False,True,False,False,False,False
46.2,2,92.0,4.8,Bemowo,False,False,973000,21060.60606060606,23.1,stary,False,True,False,False,True,False,False,False,False
76.8,3,40.0,6.1,Praga-Południe,False,False,1097000,14283.854166666668,25.599999999999998,stary,False,True,True,False,False,False,True,False,False
60.2,2,70.0,2.1,Bemowo,True,False,1367000,22707.641196013286,30.1,stary,False,True,True,False,True,False,False,False,False
24.7,2,4.0,3.0,Mokotów,False,True,579000,23441.295546558704,12.35,nowy,True,True,False,False,False,True,False,False,False
52.4,2,45.0,1.3,Śródmieście,True,False,1172000,22366.41221374046,26.2,stary,False,True,True,False,False,False,False,True,False
58.8,3,99.0,9.6,Bemowo,False,False,970000,16496.598639455784,19.599999999999998,stary,False,True,True,False,True,False,False,False,False
48.9,2,39.0,17.0,Bemowo,True,True,790000,16155.419222903885,24.45,stary,False,False,True,False,True,False,False,False,False
34.7,2,9.0,1.6,Mokotów,True,True,841000,24236.31123919308,17.35,sredni,False,True,False,True,False,True,False,False,False
36.1,1,92.0,2.2,Mokotów,False,True,1032000,28587.25761772853,36.1,stary,False,True,False,False,False,True,False,False,False
51.1,2,66.0,5.2,Praga-Południe,False,True,1053000,20606.65362035225,25.55,stary,False,True,True,False,False,False,True,False,False
52.1,2,47.0,3.4,Praga-Południe,False,True,899000,17255.2783109405,26.05,stary,False,True,True,False,False,False,True,False,False
95.5,5,52.0,15.4,Bemowo,False,False,1289000,13497.382198952879,19.1,stary,False,False,True,False,True,False,False,False,False
37.3,1,54.0,4.0,Mokotów,False,False,689000,18471.849865951743,37.3,stary,False,True,False,False,False,True,False,False,False
37.9,1,32.0,11.4,Bemowo,False,True,745000,19656.992084432717,37.9,stary,False,False,False,False,True,False,False,False,False
36.3,1,112.0,2.3,Śródmieście,False,False,1443000,39752.06611570248,36.3,,False,True,False,False,False,False,False,True,False
44.4,2,66.0,6.0,Praga-Południe,True,False,1061000,23896.396396396398,22.2,stary,False,True,False,False,False,False,True,False,False
33.2,1,34.0,5.7,Praga-Południe,False,True,728000,21927.710843373494,33.2,stary,False,True,False,False,False,False,True,False,False
39.9,1,39.0,2.3,Bemowo,False,False,614000,15388.471177944863,39.9,stary,False,True,False,False,True,False,False,False,False
42.5,2,77.0,3.8,Praga-Południe,False,False,1024000,24094.117647058825,21.25,stary,False,True,False,False,False,False,True,False,False
37.5,1,68.0,3.6,Mokotów,False,False,1030000,27466.666666666668,37.5,stary,False,True,False,False,False,True,False,False,False
59.8,3,98.0,3.4,Żoliborz,True,False,1382000,23110.36789297659,19.933333333333334,stary,False,True,True,False,False,False,False,False,True
67.8,4,31.0,3.2,Bemowo,True,True,1032000,15221.238938053099,16.95,stary,False,True,True,False,True,False,False,False,False
70.3,3,3.0,3.2,Mokotów,False,True,1421000,20213.371266002847,23.433333333333334,nowy,True,True,True,False,False,True,False,False,False
25.5,1,55.0,5.7,Mokotów,True,True,538000,21098.039215686276,25.5,stary,False,True,False,True,False,True,False,False,False
47.7,2,30.0,4.1,Mokotów,True,True,942000,19748.427672955975,23.85,stary,False,True,True,True,False,True,False,False,False
61.1,3,95.0,5.8,Bemowo,False,False,1065000,17430.441898527006,20.366666666666667,stary,False,True,True,False,True,False,False,False,False
53.5,2,80.0,3.2,Mokotów,False,True,1118000,20897.196261682242,26.75,stary,False,True,True,False,False,True,False,False,False
55.9,2,3.0,4.4,Bemowo,True,True,1201000,21484.79427549195,27.95,nowy,True,True,True,False,True,False,False,False,False
70.8,3,4.0,4.4,Praga-Południe,True,True,1613000,22782.485875706214,23.599999999999998,nowy,True,True,True,False,False,False,True,False,False
48.0,2,109.0,2.3,Żoliborz,False,True,1215000,25312.5,24.0,,False,True,True,False,False,False,False,False,True
50.2,2,53.0,4.2,Żoliborz,False,True,666000,13266.932270916333,25.1,stary,False,True,True,False,False,False,False,False,True
26.8,1,50.0,5.7,Praga-Południe,False,True,589000,21977.611940298506,26.8,stary,False,True,False,False,False,False,True,False,False
32.6,1,61.0,2.1,Mokotów,False,False,690000,21165.64417177914,32.6,stary,False,True,False,False,False,True,False,False,False
52.9,3,44.0,1.6,Mokotów,False,True,804000,15198.487712665406,17.633333333333333,stary,False,True,True,False,False,True,False,False,False
30.6,1,39.0,6.6,Bemowo,False,False,488000,15947.712418300653,30.6,stary,False,True,False,False,True,False,False,False,False
45.1,2,52.0,4.1,Mokotów,False,False,661000,14656.319290465632,22.55,stary,False,True,False,False,False,True,False,False,False
93.0,4,38.0,6.8,Praga-Południe,False,False,1152000,12387.09677419355,23.25,stary,False,True,True,False,False,False,True,False,False
65.9,3,53.0,5.1,Praga-Południe,False,True,1027000,15584.21851289833,21.96666666666667,stary,False,True,True,False,False,False,True,False,False
27.7,1,58.0,5.7,Praga-Południe,False,True,607000,21913.357400722023,27.7,stary,False,True,False,False,False,False,True,False,False
28.8,1,39.0,2.2,Śródmieście,False,False,782000,27152.777777777777,28.8,stary,False,True,False,False,False,False,False,True,False
48.5,2,1.0,2.1,Śródmieście,True,True,1794000,36989.69072164949,24.25,nowy,True,True,True,True,False,False,False,True,False
47.7,1,66.0,2.0,Śródmieście,False,True,1726000,36184.486373165615,47.7,stary,False,True,True,False,False,False,False,True,False
27.6,1,53.0,5.6,Bemowo,False,False,485000,17572.46376811594,27.6,stary,False,True,False,False,True,False,False,False,False
118.4,4,2.0,4.4,Mokotów,False,True,2634000,22246.62162162162,29.6,nowy,True,True,True,False,False,True,False,False,False
42.8,2,62.0,9.5,Bemowo,False,True,774000,18084.11214953271,21.4,stary,False,True,False,False,True,False,False,False,False
51.2,1,33.0,0.3,Śródmieście,False,True,1363000,26621.09375,51.2,stary,False,True,True,False,False,False,False,True,False
73.0,4,48.0,7.8,Mokotów,False,True,1073000,14698.630136986301,18.25,stary,False,True,True,False,False,True,False,False,False
29.9,2,7.0,1.4,Mokotów,True,True,720000,24080.26755852843,14.95,sredni,False,True,False,True,False,True,False,False,False
53.5,2,32.0,2.2,Bemowo,True,False,873000,16317.757009345794,26.75,stary,False,True,True,False,True,False,False,False,False
19.6,1,55.0,8.7,Żoliborz,False,False,301000,15357.142857142857,19.6,stary,False,True,False,False,False,False,False,False,True
54.0,3,32.0,5.6,Bemowo,False,False,661000,12240.74074074074,18.0,stary,False,True,True,False,True,False,False,False,False
27.2,1,10.0,4.9,Praga-Południe,True,True,923000,33933.82352941176,27.2,sredni,False,True,False,False,False,False,True,False,False
30.7,1,7.0,2.6,Żoliborz,False,True,724000,23583.061889250814,30.7,sredni,False,True,False,False,False,False,False,False,True
48.2,2,32.0,2.7,Praga-Południe,False,True,898000,18630.70539419087,24.1,stary,False,True,True,False,False,False,True,False,False
47.0,2,109.0,3.7,Śródmieście,False,True,1691000,35978.72340425532,23.5,,False,True,True,False,False,False,False,True,False
28.0,1,74.0,9.8,Bemowo,False,False,594000,21214.285714285714,28.0,stary,False,True,False,False,True,False,False,False,False
63.5,3,58.0,8.6,Bemowo,True,True,937000,14755.905511811023,21.166666666666668,stary,False,True,True,False,True,False,False,False,False
37.6,2,53.0,4.5,Mokotów,False,False,580000,15425.531914893616,18.8,stary,False,True,False,False,False,True,False,False,False
42.0,2,84.0,4.4,Bemowo,False,False,830000,19761.904761904763,21.0,stary,False,True,False,False,True,False,False,False,False
61.0,2,33.0,10.8,Bemowo,True,True,992000,16262.295081967213,30.5,stary,False,False,True,False,True,False,False,False,False
108.7,4,44.0,4.0,Żoliborz,False,True,1517000,13955.841766329346,27.175,stary,False,True,True,False,False,False,False,False,True
47.1,1,57.0,3.3,Mokotów,True,False,1210000,25690.021231422503,47.1,stary,False,True,True,False,False,True,False,False,False
30.3,1,87.0,13.0,Bemowo,False,True,719000,23729.37293729373,30.3,stary,False,False,False,False,True,False,False,False,False
52.8,1,88.0,2.2,Praga-Południe,False,False,1482000,28068.18181818182,52.8,stary,False,True,True,False,False,False,True,False,False
24.9,1,6.0,7.5,Mokotów,False,True,611000,24538.152610441768,24.9,sredni,False,True,False,False,False,True,False,False,False
45.5,1,46.0,1.6,Żoliborz,True,True,864000,18989.01098901099,45.5,stary,False,True,False,False,False,False,False,False,True
25.9,2,32.0,4.8,Żoliborz,False,False,422000,16293.436293436294,12.95,stary,False,True,False,False,False,False,False,False,True
50.3,2,39.0,4.2,Mokotów,True,False,862000,17137.176938369783,25.15,stary,False,True,True,False,False,True,False,False,False
23.1,1,46.0,5.6,Mokotów,False,True,385000,16666.666666666664,23.1,stary,False,True,False,False,False,True,False,False,False
29.1,1,50.0,5.9,Bemowo,True,False,606000,20824.742268041235,29.1,stary,False,True,False,False,True,False,False,False,False
59.2,2,49.0,1.8,Żoliborz,True,True,872000,14729.729729729728,29.6,stary,False,True,True,False,False,False,False,False,True
52.8,3,97.0,5.2,Praga-Południe,False,True,1016000,19242.424242424244,17.599999999999998,stary,False,True,True,False,False,False,True,False,False
32.3,1,49.0,4.9,Mokotów,False,True,667000,20650.15479876161,32.3,stary,False,True,False,False,False,True,False,False,False
25.8,2,54.0,9.1,Bemowo,False,True,392000,15193.798449612403,12.9,stary,False,True,False,False,True,False,False,False,False
34.1,1,101.0,6.4,Praga-Południe,False,True,721000,21143.695014662757,34.1,,False,True,False,False,False,False,True,False,False
27.4,1,100.0,2.6,Żoliborz,False,True,798000,29124.087591240877,27.4,stary,False,True,False,False,False,False,False,False,True
36.4,1,49.0,1.1,Śródmieście,False,True,923000,25357.14285714286,36.4,stary,False,True,False,False,False,False,False,True,False
60.1,2,62.0,9.0,Mokotów,False,False,1212000,20166.38935108153,30.05,stary,False,True,True,False,False,True,False,False,False
21.1,1,88.0,2.3,Mokotów,False,False,462000,21895.734597156395,21.1,stary,False,True,False,False,False,True,False,False,False
32.4,2,10.0,3.9,Bemowo,True,True,775000,23919.753086419754,16.2,sredni,False,True,False,False,True,False,False,False,False
48.2,2,64.0,4.6,Bemowo,False,True,1048000,21742.738589211618,24.1,stary,False,True,True,False,True,False,False,False,False
94.3,4,45.0,1.7,Śródmieście,False,False,2127000,22555.673382820787,23.575,stary,False,True,True,False,False,False,False,True,False
70.7,3,39.0,6.4,Bemowo,False,True,903000,12772.277227722772,23.566666666666666,stary,False,True,True,False,True,False,False,False,False
53.8,2,53.0,8.1,Praga-Południe,True,True,1035000,19237.918215613383,26.9,stary,False,True,True,False,False,False,True,False,False
44.0,2,84.0,9.1,Żoliborz,False,True,1014000,23045.454545454544,22.0,stary,False,True,False,False,False,False,False,False,True
37.2,1,37.0,1.3,Mokotów,True,True,716000,19247.311827956986,37.2,stary,False,True,False,True,False,True,False,False,False
55.2,2,103.0,7.9,Bemowo,True,False,1269000,22989.130434782608,27.6,,False,True,True,False,True,False,False,False,False
44.9,1,77.0,2.8,Mokotów,False,False,1062000,23652.561247216036,44.9,stary,False,True,False,False,False,True,False,False,False
54.1,2,95.0,6.9,Bemowo,False,True,1215000,22458.410351201477,27.05,stary,False,True,True,False,True,False,False,False,False
77.4,3,51.0,6.2,Bemowo,False,False,1034000,13359.173126614985,25.8,stary,False,True,True,False,True,False,False,False,False
32.4,1,119.0,2.5,Żoliborz,False,True,859000,26512.345679012345,32.4,,False,True,False,False,False,False,False,False,True
61.5,3,47.0,4.5,Żoliborz,False,True,752000,12227.642276422765,20.5,stary,False,True,True,False,False,False,False,False,True
58.7,3,61.0,11.8,Praga-Południe,False,True,1010000,17206.132879045996,19.566666666666666,stary,False,False,True,False,False,False,True,False,False
84.4,3,79.0,5.7,Bemowo,False,False,1313000,15556.87203791469,28.133333333333336,stary,False,True,True,False,True,False,False,False,False
30.1,2,6.0,7.6,Bemowo,True,True,810000,26910.29900332226,15.05,sredni,False,True,False,False,True,False,False,False,False
49.1,2,33.0,9.8,Praga-Południe,True,False,784000,15967.413441955194,24.55,stary,False,True,True,False,False,False,True,False,False
51.6,2,81.0,0.7,Śródmieście,False,True,1560000,30232.55813953488,25.8,stary,False,True,True,False,False,False,False,True,False
20.4,1,38.0,7.1,Żoliborz,False,True,339000,16617.64705882353,20.4,stary,False,True,False,False,False,False,False,False,True
52.4,2,33.0,2.3,Praga-Południe,False,True,794000,15152.67175572519,26.2,stary,False,True,True,False,False,False,True,False,False
28.7,1,39.0,3.6,Mokotów,False,True,640000,22299.651567944253,28.7,stary,False,True,False,False,False,True,False,False,False
96.0,3,9.0,12.8,Praga-Południe,True,True,2224000,23166.666666666668,32.0,sredni,False,False,True,False,False,False,True,False,False
50.1,2,1.0,6.4,Mokotów,True,True,1375000,27445.10978043912,25.05,nowy,True,True,True,True,False,True,False,False,False
57.0,3,82.0,2.9,Żoliborz,False,True,1177000,20649.122807017542,19.0,stary,False,True,True,False,False,False,False,False,True
65.8,3,30.0,9.3,Bemowo,True,False,1127000,17127.659574468085,21.933333333333334,stary,False,True,True,False,True,False,False,False,False
37.2,2,36.0,6.4,Bemowo,False,False,606000,16290.32258064516,18.6,stary,False,True,False,False,True,False,False,False,False
23.9,1,4.0,2.3,Mokotów,True,True,648000,27112.970711297072,23.9,nowy,True,True,False,True,False,True,False,False,False
30.8,2,37.0,2.2,Śródmieście,False,True,707000,22954.545454545452,15.4,stary,False,True,False,False,False,False,False,True,False
75.7,3,63.0,2.1,Praga-Południe,False,True,1426000,18837.516512549537,25.233333333333334,stary,False,True,True,False,False,False,True,False,False
48.2,2,8.0,7.9,Praga-Południe,False,True,1074000,22282.157676348546,24.1,sredni,False,True,True,False,False,False,True,False,False
65.4,2,40.0,2.3,Mokotów,False,True,1040000,15902.140672782873,32.7,stary,False,True,True,False,False,True,False,False,False
25.2,1,72.0,6.0,Bemowo,False,False,569000,22579.36507936508,25.2,stary,False,True,False,False,True,False,False,False,False
84.5,3,9.0,2.9,Żoliborz,False,True,1557000,18426.03550295858,28.166666666666668,sredni,False,True,True,False,False,False,False,False,True
114.6,4,52.0,11.4,Praga-Południe,False,True,1689000,14738.219895287959,28.65,stary,False,False,True,False,False,False,True,False,False
69.0,2,74.0,1.6,Mokotów,False,False,1521000,22043.478260869564,34.5,stary,False,True,True,False,False,True,False,False,False
25.0,2,52.0,5.4,Mokotów,False,False,440000,17600.0,12.5,stary,False,True,False,False,False,True,False,False,False
18.0,2,38.0,3.5,Bemowo,False,True,260000,14444.444444444445,9.0,stary,False,True,False,False,True,False,False,False,False
40.7,2,10.0,10.9,Bemowo,False,True,947000,23267.813267813268,20.35,sredni,False,False,False,False,True,False,False,False,False
26.4,1,3.0,3.7,Żoliborz,True,True,780000,29545.454545454548,26.4,nowy,True,True,False,False,False,False,False,False,True
38.1,2,102.0,2.6,Mokotów,True,False,843000,22125.984251968504,19.05,,False,True,False,False,False,True,False,False,False
37.9,1,78.0,15.2,Bemowo,False,True,927000,24459.10290237467,37.9,stary,False,False,False,False,True,False,False,False,False
42.8,2,70.0,0.9,Żoliborz,False,True,850000,19859.81308411215,21.4,stary,False,True,False,False,False,False,False,False,True
36.7,1,108.0,9.2,Bemowo,False,True,922000,25122.61580381471,36.7,,False,True,False,False,True,False,False,False,False
53.4,3,35.0,8.1,Bemowo,True,False,764000,14307.116104868914,17.8,stary,False,True,True,False,True,False,False,False,False
24.4,1,43.0,4.5,Praga-Południe,False,True,480000,19672.131147540986,24.4,stary,False,True,False,False,False,False,True,False,False
52.1,3,34.0,4.4,Mokotów,False,True,858000,16468.330134357006,17.366666666666667,stary,False,True,True,False,False,True,False,False,False
19.0,1,44.0,2.8,Mokotów,False,True,405000,21315.78947368421,19.0,stary,False,True,False,False,False,True,False,False,False
44.4,2,34.0,3.8,Mokotów,True,True,824000,18558.558558558558,22.2,stary,False,True,False,True,False,True,False,False,False
29.3,2,34.0,2.4,Mokotów,False,True,559000,19078.498293515357,14.65,stary,False,True,False,False,False,True,False,False,False
19.6,1,6.0,4.4,Mokotów,True,True,620000,31632.653061224486,19.6,sredni,False,True,False,True,False,True,False,False,False
39.4,1,98.0,2.9,Mokotów,False,False,938000,23807.106598984774,39.4,stary,False,True,False,False,False,True,False,False,False
73.9,3,51.0,5.6,Praga-Południe,False,True,1321000,17875.50744248985,24.633333333333336,stary,False,True,True,False,False,False,True,False,False
43.2,2,108.0,3.4,Śródmieście,False,True,1548000,35833.33333333333,21.6,,False,True,False,False,False,False,False,True,False
29.5,1,33.0,7.9,Praga-Południe,False,True,661000,22406.77966101695,29.5,stary,False,True,False,False,False,False,True,False,False
48.8,2,50.0,4.0,Żoliborz,False,True,666000,13647.540983606557,24.4,stary,False,True,True,False,False,False,False,False,True
69.4,2,0.0,8.5,Bemowo,False,True,1577000,22723.342939481267,34.7,,True,True,True,False,True,False,False,False,False
34.5,2,39.0,4.0,Praga-Południe,False,False,557000,16144.927536231884,17.25,stary,False,True,False,False,False,False,True,False,False
39.3,2,49.0,7.5,Bemowo,False,True,764000,19440.20356234097,19.65,stary,False,True,False,False,True,False,False,False,False
69.2,2,10.0,2.7,Mokotów,True,True,1618000,23381.502890173408,34.6,sredni,False,True,True,True,False,True,False,False,False
27.8,1,92.0,3.3,Mokotów,False,False,711000,25575.539568345324,27.8,stary,False,True,False,False,False,True,False,False,False
23.3,1,8.0,6.5,Bemowo,True,True,698000,29957.081545064375,23.3,sredni,False,True,False,False,True,False,False,False,False
38.0,1,53.0,6.7,Mokotów,False,False,662000,17421.052631578947,38.0,stary,False,True,False,False,False,True,False,False,False
57.3,2,48.0,1.4,Żoliborz,False,False,856000,14938.91797556719,28.65,stary,False,True,True,False,False,False,False,False,True
79.4,4,70.0,3.5,Mokotów,False,False,1435000,18073.047858942064,19.85,stary,False,True,True,False,False,True,False,False,False
35.1,2,104.0,8.0,Bemowo,False,True,740000,21082.62108262108,17.55,,False,True,False,False,True,False,False,False,False
44.2,2,5.0,3.2,Żoliborz,False,True,1162000,26289.592760180993,22.1,nowy,False,True,False,False,False,False,False,False,True
27.0,1,99.0,2.5,Mokotów,False,True,812000,30074.074074074073,27.0,stary,False,True,False,False,False,True,False,False,False
72.1,2,7.0,6.7,Bemowo,True,True,1667000,23120.66574202497,36.05,sredni,False,True,True,False,True,False,False,False,False
35.3,1,82.0,5.0,Mokotów,False,True,888000,25155.807365439094,35.3,stary,False,True,False,False,False,True,False,False,False
24.2,2,68.0,18.0,Praga-Południe,False,True,463000,19132.23140495868,12.1,stary,False,False,False,False,False,False,True,False,False
22.2,1,4.0,3.2,Bemowo,True,True,797000,35900.9009009009,22.2,nowy,True,True,False,False,True,False,False,False,False
60.2,2,108.0,6.2,Żoliborz,False,False,1383000,22973.421926910298,30.1,,False,True,True,False,False,False,False,False,True
75.8,4,83.0,5.6,Mokotów,False,True,1494000,19709.76253298153,18.95,stary,False,True,True,False,False,True,False,False,False
31.1,2,38.0,4.1,Mokotów,True,False,555000,17845.659163987137,15.55,stary,False,True,False,False,False,True,False,False,False
50.5,2,102.0,6.9,Mokotów,True,False,1249000,24732.673267326732,25.25,,False,True,True,False,False,True,False,False,False
36.7,2,47.0,5.2,Mokotów,True,True,603000,16430.517711171662,18.35,stary,False,True,False,True,False,True,False,False,False
99.0,4,48.0,1.2,Śródmieście,False,True,2180000,22020.20202020202,24.75,stary,False,True,True,False,False,False,False,True,False
86.2,4,38.0,11.6,Praga-Południe,False,False,1028000,11925.754060324825,21.55,stary,False,False,True,False,False,False,True,False,False
88.4,4,46.0,10.6,Praga-Południe,True,True,1300000,14705.882352941175,22.1,stary,False,False,True,False,False,False,True,False,False
23.5,1,39.0,2.3,Mokotów,False,False,514000,21872.340425531915,23.5,stary,False,True,False,False,False,True,False,False,False
42.4,2,52.0,7.1,Praga-Południe,False,False,808000,19056.603773584906,21.2,stary,False,True,False,False,False,False,True,False,False
40.4,2,81.0,4.7,Praga-Południe,False,True,948000,23465.346534653465,20.2,stary,False,True,False,False,False,False,True,False,False
20.1,1,32.0,3.4,Bemowo,False,False,374000,18606.965174129353,20.1,stary,False,True,False,False,True,False,False,False,False
47.9,2,52.0,6.7,Bemowo,False,True,828000,17286.012526096034,23.95,stary,False,True,True,False,True,False,False,False,False
49.9,2,46.0,11.3,Praga-Południe,False,False,786000,15751.503006012024,24.95,stary,False,False,True,False,False,False,True,False,False
30.7,2,4.0,1.8,Śródmieście,True,True,1205000,39250.81433224756,15.35,nowy,True,True,False,True,False,False,False,True,False
58.6,2,52.0,5.9,Praga-Południe,True,False,1108000,18907.849829351537,29.3,stary,False,True,True,False,False,False,True,False,False
56.8,2,7.0,13.3,Praga-Południe,True,False,1522000,26795.774647887327,28.4,sredni,False,False,True,False,False,False,True,False,False
49.5,2,94.0,1.9,Żoliborz,False,True,1141000,23050.50505050505,24.75,stary,False,True,True,False,False,False,False,False,True
40.5,1,84.0,6.5,Mokotów,True,True,1147000,28320.987654320987,40.5,stary,False,True,False,True,False,True,False,False,False
54.6,3,105.0,4.4,Mokotów,True,False,1073000,19652.01465201465,18.2,,False,True,True,False,False,True,False,False,False
75.2,3,33.0,7.7,Bemowo,False,False,947000,12593.085106382978,25.066666666666666,stary,False,True,True,False,True,False,False,False,False
34.2,2,36.0,5.1,Mokotów,False,False,435000,12719.298245614034,17.1,stary,False,True,False,False,False,True,False,False,False
21.9,1,44.0,1.6,Śródmieście,False,True,567000,25890.41095890411,21.9,stary,False,True,False,False,False,False,False,True,False
24.9,1,11.0,1.4,Śródmieście,True,True,895000,35943.77510040161,24.9,sredni,False,True,False,True,False,False,False,True,False
87.4,4,4.0,1.7,Śródmieście,False,True,2585000,29576.6590389016,21.85,nowy,True,True,True,False,False,False,False,True,False
31.0,2,98.0,7.3,Żoliborz,False,True,791000,25516.129032258064,15.5,stary,False,True,False,False,False,False,False,False,True
46.6,2,2.0,12.2,Mokotów,True,True,930000,19957.08154506438,23.3,nowy,True,False,True,True,False,True,False,False,False
44.3,3,49.0,3.7,Mokotów,False,False,638000,14401.805869074493,14.766666666666666,stary,False,True,False,False,False,True,False,False,False
41.5,2,39.0,6.0,Praga-Południe,False,True,806000,19421.68674698795,20.75,stary,False,True,False,False,False,False,True,False,False
37.6,2,81.0,2.4,Żoliborz,False,False,920000,24468.08510638298,18.8,stary,False,True,False,False,False,False,False,False,True
40.4,3,62.0,3.9,Mokotów,False,True,677000,16757.425742574258,13.466666666666667,stary,False,True,False,False,False,True,False,False,False
42.2,2,39.0,3.7,Mokotów,True,False,690000,16350.710900473932,21.1,stary,False,True,False,False,False,True,False,False,False
25.1,1,11.0,0.3,Śródmieście,False,True,999000,39800.796812749,25.1,sredni,False,True,False,False,False,False,False,True,False
27.3,2,34.0,1.1,Śródmieście,False,False,608000,22271.06227106227,13.65,stary,False,True,False,False,False,False,False,True,False
78.7,3,41.0,1.2,Mokotów,False,False,962000,12223.634053367217,26.233333333333334,stary,False,True,True,False,False,True,False,False,False
31.5,1,98.0,4.3,Bemowo,False,True,762000,24190.47619047619,31.5,stary,False,True,False,False,True,False,False,False,False
41.6,2,46.0,7.0,Praga-Południe,False,True,649000,15600.961538461537,20.8,stary,False,True,False,False,False,False,True,False,False
70.8,3,98.0,1.3,Żoliborz,False,True,1569000,22161.016949152545,23.599999999999998,stary,False,True,True,False,False,False,False,False,True
44.4,2,46.0,6.3,Praga-Południe,False,False,702000,15810.810810810812,22.2,stary,False,True,False,False,False,False,True,False,False
44.2,1,53.0,4.5,Mokotów,False,True,959000,21696.83257918552,44.2,stary,False,True,False,False,False,True,False,False,False
46.9,2,91.0,6.4,Mokotów,False,False,1055000,22494.66950959488,23.45,stary,False,True,True,False,False,True,False,False,False
70.9,3,61.0,7.7,Praga-Południe,False,True,1382000,19492.242595204512,23.633333333333336,stary,False,True,True,False,False,False,True,False,False
35.0,1,33.0,0.3,Śródmieście,False,False,885000,25285.714285714286,35.0,stary,False,True,False,False,False,False,False,True,False
37.9,2,33.0,4.3,Bemowo,False,False,653000,17229.551451187337,18.95,stary,False,True,False,False,True,False,False,False,False
48.3,2,108.0,7.9,Bemowo,True,True,1058000,21904.761904761905,24.15,,False,True,True,False,True,False,False,False,False
48.9,3,108.0,0.5,Śródmieście,True,False,1494000,30552.147239263806,16.3,,False,True,True,False,False,False,False,True,False
40.9,2,103.0,3.5,Bemowo,False,True,967000,23643.031784841078,20.45,,False,True,False,False,True,False,False,False,False
61.1,3,86.0,7.6,Żoliborz,True,False,1418000,23207.85597381342,20.366666666666667,stary,False,True,True,False,False,False,False,False,True
35.2,1,70.0,6.7,Bemowo,True,True,818000,23238.63636363636,35.2,stary,False,True,False,False,True,False,False,False,False
48.0,2,61.0,0.5,Żoliborz,False,True,782000,16291.666666666666,24.0,stary,False,True,True,False,False,False,False,False,True
121.5,5,91.0,9.4,Mokotów,False,False,2590000,21316.87242798354,24.3,stary,False,True,True,False,False,True,False,False,False
19.1,1,33.0,3.0,Praga-Południe,False,True,383000,20052.356020942407,19.1,stary,False,True,False,False,False,False,True,False,False
49.0,2,30.0,1.3,Mokotów,False,True,828000,16897.95918367347,24.5,stary,False,True,True,False,False,True,False,False,False
38.4,2,46.0,5.3,Praga-Południe,False,False,456000,11875.0,19.2,stary,False,True,False,False,False,False,True,False,False
29.5,2,5.0,2.2,Mokotów,True,True,696000,23593.22033898305,14.75,nowy,False,True,False,True,False,True,False,False,False
29.2,2,53.0,5.1,Mokotów,False,True,484000,16575.342465753423,14.6,stary,False,True,False,False,False,True,False,False,False
20.2,1,89.0,7.9,Praga-Południe,False,False,569000,28168.31683168317,20.2,stary,False,True,False,False,False,False,True,False,False
39.2,2,39.0,3.9,Bemowo,False,False,657000,16760.20408163265,19.6,stary,False,True,False,False,True,False,False,False,False
60.7,2,4.0,4.4,Mokotów,True,True,1638000,26985.172981878088,30.35,nowy,True,True,True,True,False,True,False,False,False
59.7,2,109.0,2.8,Śródmieście,False,True,2018000,33802.345058626466,29.85,,False,True,True,False,False,False,False,True,False
37.5,2,89.0,4.2,Praga-Południe,False,False,876000,23360.0,18.75,stary,False,True,False,False,False,False,True,False,False
75.7,3,47.0,8.2,Praga-Południe,False,True,1066000,14081.902245706737,25.233333333333334,stary,False,True,True,False,False,False,True,False,False
55.4,2,60.0,6.5,Bemowo,True,False,1007000,18176.895306859205,27.7,stary,False,True,True,False,True,False,False,False,False
72.5,4,49.0,0.9,Mokotów,False,True,1140000,15724.137931034482,18.125,stary,False,True,True,False,False,True,False,False,False
34.4,1,34.0,3.2,Mokotów,False,False,795000,23110.465116279072,34.4,stary,False,True,False,False,False,True,False,False,False
40.2,2,31.0,8.6,Praga-Południe,True,True,804000,20000.0,20.1,stary,False,True,False,False,False,False,True,False,False
29.7,1,93.0,4.0,Praga-Południe,True,True,842000,28350.16835016835,29.7,stary,False,True,False,False,False,False,True,False,False
63.9,3,32.0,4.4,Żoliborz,False,False,832000,13020.344287949922,21.3,stary,False,True,True,False,False,False,False,False,True
35.6,2,83.0,3.0,Żoliborz,False,False,851000,23904.494382022473,17.8,stary,False,True,False,False,False,False,False,False,True
18.0,1,2.0,0.6,Śródmieście,True,True,764000,42444.444444444445,18.0,nowy,True,True,False,True,False,False,False,True,False
41.4,1,31.0,2.8,Mokotów,True,False,818000,19758.454106280195,41.4,stary,False,True,False,False,False,True,False,False,False
40.4,2,56.0,4.0,Mokotów,True,True,666000,16485.148514851484,20.2,stary,False,True,False,True,False,True,False,False,False
45.0,2,67.0,5.3,Bemowo,True,True,970000,21555.555555555555,22.5,stary,False,True,False,False,True,False,False,False,False
96.3,4,106.0,1.8,Żoliborz,False,False,2062000,21412.253374870197,24.075,,False,True,True,False,False,False,False,False,True
30.9,2,40.0,1.7,Mokotów,False,False,398000,12880.258899676375,15.45,stary,False,True,False,False,False,True,False,False,False
46.0,2,8.0,2.4,Mokotów,True,True,1006000,21869.565217391304,23.0,sredni,False,True,False,True,False,True,False,False,False
18.6,1,2.0,1.9,Żoliborz,False,True,474000,25483.870967741932,18.6,nowy,True,True,False,False,False,False,False,False,True
63.9,3,53.0,4.7,Praga-Południe,False,True,1028000,16087.636932707355,21.3,stary,False,True,True,False,False,False,True,False,False
56.3,3,1.0,6.0,Praga-Południe,True,True,1535000,27264.653641207817,18.766666666666666,nowy,True,True,True,False,False,False,True,False,False
46.6,2,34.0,2.7,Żoliborz,True,False,793000,17017.16738197425,23.3,stary,False,True,True,False,False,False,False,False,True
21.7,1,37.0,4.4,Żoliborz,True,True,468000,21566.820276497696,21.7,stary,False,True,False,False,False,False,False,False,True
37.9,2,2.0,5.8,Żoliborz,True,True,875000,23087.071240105543,18.95,nowy,True,True,False,False,False,False,False,False,True
42.6,2,41.0,5.7,Bemowo,False,False,697000,16361.50234741784,21.3,stary,False,True,False,False,True,False,False,False,False
38.6,2,8.0,8.0,Praga-Południe,True,True,957000,24792.746113989637,19.3,sredni,False,True,False,False,False,False,True,False,False
66.6,2,46.0,2.5,Mokotów,False,True,1101000,16531.531531531535,33.3,stary,False,True,True,False,False,True,False,False,False
42.2,2,47.0,4.5,Praga-Południe,False,False,790000,18720.37914691943,21.1,stary,False,True,False,False,False,False,True,False,False
26.6,1,37.0,8.4,Bemowo,False,True,431000,16203.007518796992,26.6,stary,False,True,False,False,True,False,False,False,False
26.7,1,34.0,5.1,Praga-Południe,False,False,560000,20973.78277153558,26.7,stary,False,True,False,False,False,False,True,False,False
75.0,3,81.0,1.1,Śródmieście,False,True,2073000,27640.0,25.0,stary,False,True,True,False,False,False,False,True,False
41.7,2,11.0,10.5,Praga-Południe,False,True,802000,19232.6139088729,20.85,sredni,False,False,False,False,False,False,True,False,False
361.0,1,50.0,5.2,Żoliborz,False,True,622000,1722.9916897506926,361.0,stary,False,True,True,False,False,False,False,False,True
52.4,2,67.0,4.9,Bemowo,True,False,1123000,21431.297709923663,26.2,stary,False,True,True,False,True,False,False,False,False
55.5,2,84.0,8.0,Bemowo,False,False,1251000,22540.54054054054,27.75,stary,False,True,True,False,True,False,False,False,False
53.3,2,95.0,6.3,Praga-Południe,True,False,1330000,24953.095684803004,26.65,stary,False,True,True,False,False,False,True,False,False
46.0,2,46.0,2.5,Mokotów,False,False,640000,13913.04347826087,23.0,stary,False,True,False,False,False,True,False,False,False
84.9,4,31.0,3.8,Bemowo,False,True,1406000,16560.659599528855,21.225,stary,False,True,True,False,True,False,False,False,False
44.9,2,34.0,11.2,Bemowo,False,True,767000,17082.40534521158,22.45,stary,False,False,False,False,True,False,False,False,False
60.5,2,68.0,6.1,Bemowo,False,True,1036000,17123.96694214876,30.25,stary,False,True,True,False,True,False,False,False,False
78.8,3,90.0,0.6,Żoliborz,True,True,1782000,22614.213197969544,26.266666666666666,stary,False,True,True,False,False,False,False,False,True
42.4,1,12.0,3.8,Bemowo,False,True,824000,19433.962264150945,42.4,sredni,False,True,False,False,True,False,False,False,False
77.5,3,92.0,14.7,Bemowo,False,True,1242000,16025.806451612903,25.833333333333332,stary,False,False,True,False,True,False,False,False,False
33.9,2,3.0,3.6,Mokotów,True,True,976000,28790.5604719764,16.95,nowy,True,True,False,True,False,True,False,False,False
51.7,2,36.0,1.3,Mokotów,True,False,917000,17736.94390715667,25.85,stary,False,True,True,False,False,True,False,False,False
44.4,2,41.0,9.9,Praga-Południe,False,True,768000,17297.297297297297,22.2,stary,False,True,False,False,False,False,True,False,False
54.6,2,33.0,8.5,Bemowo,False,True,811000,14853.479853479854,27.3,stary,False,True,True,False,True,False,False,False,False
84.9,4,94.0,5.2,Praga-Południe,False,True,1777000,20930.506478209656,21.225,stary,False,True,True,False,False,False,True,False,False
27.1,1,50.0,1.9,Bemowo,False,False,505000,18634.68634686347,27.1,stary,False,True,False,False,True,False,False,False,False
48.4,2,108.0,5.4,Żoliborz,False,False,938000,19380.165289256198,24.2,,False,True,True,False,False,False,False,False,True
72.4,3,2.0,5.0,Praga-Południe,False,False,1423000,19654.696132596684,24.133333333333336,nowy,True,True,True,False,False,False,True,False,False
40.0,2,7.0,6.9,Bemowo,True,True,958000,23950.0,20.0,sredni,False,True,False,False,True,False,False,False,False
57.7,2,79.0,7.3,Praga-Południe,False,True,1058000,18336.221837088386,28.85,stary,False,True,True,False,False,False,True,False,False
49.6,2,3.0,7.6,Praga-Południe,False,True,1133000,22842.74193548387,24.8,nowy,True,True,True,False,False,False,True,False,False
53.0,1,102.0,0.3,Śródmieście,False,False,2405000,45377.35849056604,53.0,,False,True,True,False,False,False,False,True,False
57.1,2,8.0,8.9,Praga-Południe,False,False,1282000,22451.838879159368,28.55,sredni,False,True,True,False,False,False,True,False,False
43.1,1,112.0,6.2,Żoliborz,False,False,1161000,26937.35498839907,43.1,,False,True,False,False,False,False,False,False,True
29.5,1,10.0,7.3,Bemowo,True,True,919000,31152.542372881355,29.5,sredni,False,True,False,False,True,False,False,False,False
64.9,2,34.0,3.1,Mokotów,True,False,923000,14221.879815100152,32.45,stary,False,True,True,False,False,True,False,False,False
68.5,3,10.0,14.9,Bemowo,True,True,1306000,19065.693430656935,22.833333333333332,sredni,False,False,True,False,True,False,False,False,False
84.7,3,81.0,2.2,Śródmieście,False,True,2695000,31818.181818181816,28.233333333333334,stary,False,True,True,False,False,False,False,True,False
56.0,2,49.0,16.6,Bemowo,True,True,910000,16250.0,28.0,stary,False,False,True,False,True,False,False,False,False
62.9,2,6.0,6.1,Mokotów,True,False,1695000,26947.535771065184,31.45,sredni,False,True,True,False,False,True,False,False,False
68.3,3,10.0,3.6,Żoliborz,True,True,1191000,17437.774524158125,22.766666666666666,sredni,False,True,True,False,False,False,False,False,True
51.5,2,79.0,3.5,Żoliborz,False,False,1151000,22349.514563106797,25.75,stary,False,True,True,False,False,False,False,False,True
29.9,2,39.0,4.8,Mokotów,False,True,529000,17692.30769230769,14.95,stary,False,True,False,False,False,True,False,False,False
79.9,4,94.0,3.9,Żoliborz,False,True,1955000,24468.085106382976,19.975,stary,False,True,True,False,False,False,False,False,True
45.4,2,99.0,4.3,Bemowo,False,True,791000,17422.907488986784,22.7,stary,False,True,False,False,True,False,False,False,False
69.3,3,52.0,8.2,Bemowo,False,True,903000,13030.30303030303,23.099999999999998,stary,False,True,True,False,True,False,False,False,False
65.8,3,48.0,7.0,Bemowo,False,False,699000,10623.100303951369,21.933333333333334,stary,False,True,True,False,True,False,False,False,False
65.5,3,34.0,10.6,Bemowo,False,False,967000,14763.358778625954,21.833333333333332,stary,False,False,True,False,True,False,False,False,False
48.7,2,53.0,16.2,Praga-Południe,False,True,710000,14579.055441478438,24.35,stary,False,False,True,False,False,False,True,False,False
73.5,3,86.0,2.5,Żoliborz,False,True,1586000,21578.231292517008,24.5,stary,False,True,True,False,False,False,False,False,True
83.1,3,7.0,3.9,Bemowo,False,False,1758000,21155.234657039713,27.7,sredni,False,True,True,False,True,False,False,False,False
30.6,1,31.0,3.7,Praga-Południe,False,True,658000,21503.267973856207,30.6,stary,False,True,False,False,False,False,True,False,False
65.4,4,3.0,15.1,Praga-Południe,True,True,1688000,25810.397553516817,16.35,nowy,True,False,True,False,False,False,True,False,False
30.1,1,51.0,3.6,Bemowo,False,True,508000,16877.076411960134,30.1,stary,False,True,False,False,True,False,False,False,False
34.2,1,65.0,3.9,Żoliborz,False,True,812000,23742.69005847953,34.2,stary,False,True,False,False,False,False,False,False,True
33.1,1,33.0,10.7,Praga-Południe,False,True,729000,22024.16918429003,33.1,stary,False,False,False,False,False,False,True,False,False
84.9,4,96.0,2.6,Śródmieście,False,True,2400000,28268.551236749114,21.225,stary,False,True,True,False,False,False,False,True,False
117.1,5,44.0,3.5,Bemowo,False,False,1642000,14022.203245089668,23.419999999999998,stary,False,True,True,False,True,False,False,False,False
43.7,2,102.0,8.1,Bemowo,False,False,753000,17231.12128146453,21.85,,False,True,False,False,True,False,False,False,False
38.4,1,90.0,1.8,Mokotów,False,False,1040000,27083.333333333336,38.4,stary,False,True,False,False,False,True,False,False,False
29.7,1,41.0,2.4,Żoliborz,False,False,480000,16161.616161616163,29.7,stary,False,True,False,False,False,False,False,False,True
47.6,2,7.0,0.3,Śródmieście,True,True,1650000,34663.86554621848,23.8,sredni,False,True,True,True,False,False,False,True,False
73.9,3,91.0,4.4,Mokotów,False,False,1429000,19336.94181326116,24.633333333333336,stary,False,True,True,False,False,True,False,False,False
51.7,2,7.0,8.0,Bemowo,True,True,1061000,20522.243713733074,25.85,sredni,False,True,True,False,True,False,False,False,False
75.6,3,41.0,3.0,Bemowo,False,True,1042000,13783.068783068784,25.2,stary,False,True,True,False,True,False,False,False,False
54.2,1,8.0,5.8,Praga-Południe,False,True,1686000,31107.0110701107,54.2,sredni,False,True,True,False,False,False,True,False,False
81.7,4,83.0,5.6,Bemowo,False,False,1356000,16597.307221542225,20.425,stary,False,True,True,False,True,False,False,False,False
40.3,1,44.0,0.6,Śródmieście,False,True,1001000,24838.709677419356,40.3,stary,False,True,False,False,False,False,False,True,False
78.9,4,33.0,10.3,Bemowo,False,False,1083000,13726.235741444865,19.725,stary,False,False,True,False,True,False,False,False,False
21.0,1,2.0,5.5,Mokotów,True,True,746000,35523.80952380953,21.0,nowy,True,True,False,True,False,True,False,False,False
44.7,2,2.0,5.0,Żoliborz,True,True,1083000,24228.187919463086,22.35,nowy,True,True,False,False,False,False,False,False,True
62.2,2,79.0,10.9,Bemowo,False,True,1561000,25096.463022508036,31.1,stary,False,False,True,False,True,False,False,False,False
38.0,2,102.0,3.7,Mokotów,False,True,962000,25315.78947368421,19.0,,False,True,False,False,False,True,False,False,False
58.9,3,93.0,0.8,Mokotów,False,False,1240000,21052.63157894737,19.633333333333333,stary,False,True,True,False,False,True,False,False,False
32.0,2,53.0,3.9,Mokotów,False,True,524000,16375.0,16.0,stary,False,True,False,False,False,True,False,False,False
32.6,2,52.0,1.3,Mokotów,False,True,596000,18282.208588957055,16.3,stary,False,True,False,False,False,True,False,False,False
84.7,4,44.0,4.1,Żoliborz,False,True,998000,11782.7626918536,21.175,stary,False,True,True,False,False,False,False,False,True
39.2,2,109.0,7.1,Praga-Południe,False,True,915000,23341.836734693876,19.6,,False,True,False,False,False,False,True,False,False
22.8,1,102.0,1.9,Śródmieście,False,True,1025000,44956.14035087719,22.8,,False,True,False,False,False,False,False,True,False
67.9,3,57.0,4.8,Praga-Południe,True,True,1240000,18262.150220913107,22.633333333333336,stary,False,True,True,False,False,False,True,False,False
77.9,3,45.0,2.7,Śródmieście,False,True,1415000,18164.31322207959,25.96666666666667,stary,False,True,True,False,False,False,False,True,False
25.8,1,33.0,3.3,Mokotów,False,True,507000,19651.162790697676,25.8,stary,False,True,False,False,False,True,False,False,False
29.4,1,89.0,2.0,Śródmieście,False,True,1195000,40646.25850340136,29.4,stary,False,True,False,False,False,False,False,True,False
40.6,1,33.0,5.7,Mokotów,False,True,857000,21108.374384236453,40.6,stary,False,True,False,False,False,True,False,False,False
69.0,3,35.0,6.6,Bemowo,False,False,808000,11710.144927536232,23.0,stary,False,True,True,False,True,False,False,False,False
77.0,3,103.0,4.8,Żoliborz,False,False,1695000,22012.987012987014,25.666666666666668,,False,True,True,False,False,False,False,False,True
66.7,3,10.0,2.0,Mokotów,True,True,1542000,23118.440779610195,22.233333333333334,sredni,False,True,True,True,False,True,False,False,False
66.6,3,5.0,4.6,Bemowo,False,True,1326000,19909.90990990991,22.2,nowy,False,True,True,False,True,False,False,False,False
35.9,2,35.0,7.6,Bemowo,False,True,544000,15153.203342618384,17.95,stary,False,True,False,False,True,False,False,False,False
55.9,3,2.0,2.8,Żoliborz,True,True,1109000,19838.998211091235,18.633333333333333,nowy,True,True,True,False,False,False,False,False,True
20.4,1,38.0,7.1,Żoliborz,False,True,339000,16617.64705882353,20.4,stary,False,True,False,False,False,False,False,False,True
89.9,5,32.0,4.5,Mokotów,False,True,1681000,18698.553948832036,17.98,stary,False,True,True,False,False,True,False,False,False
22.6,1,50.0,3.1,Mokotów,True,True,484000,21415.92920353982,22.6,stary,False,True,False,True,False,True,False,False,False
34.7,2,41.0,5.0,Praga-Południe,False,True,538000,15504.322766570604,17.35,stary,False,True,False,False,False,False,True,False,False
63.0,2,50.0,7.6,Żoliborz,False,False,867000,13761.904761904761,31.5,stary,False,True,True,False,False,False,False,False,True
33.1,2,95.0,14.1,Bemowo,False,True,712000,21510.57401812689,16.55,stary,False,False,False,False,True,False,False,False,False
52.0,2,46.0,3.6,Mokotów,True,False,835000,16057.692307692309,26.0,stary,False,True,True,False,False,True,False,False,False
37.3,2,115.0,3.5,Śródmieście,False,True,1502000,40268.09651474531,18.65,,False,True,False,False,False,False,False,True,False
58.9,3,36.0,1.3,Mokotów,False,False,675000,11460.101867572157,19.633333333333333,stary,False,True,True,False,False,True,False,False,False
45.9,2,6.0,6.3,Żoliborz,True,True,1090000,23747.27668845316,22.95,sredni,False,True,False,False,False,False,False,False,True
49.4,2,52.0,5.7,Bemowo,False,True,785000,15890.688259109313,24.7,stary,False,True,True,False,True,False,False,False,False
40.5,2,36.0,7.9,Mokotów,False,False,582000,14370.37037037037,20.25,stary,False,True,False,False,False,True,False,False,False
84.5,3,9.0,2.9,Żoliborz,False,True,1557000,18426.03550295858,28.166666666666668,sredni,False,True,True,False,False,False,False,False,True
49.9,2,12.0,2.4,Mokotów,False,True,1258000,25210.420841683368,24.95,sredni,False,True,True,False,False,True,False,False,False
49.2,2,103.0,6.4,Żoliborz,False,False,1083000,22012.19512195122,24.6,,False,True,True,False,False,False,False,False,True
29.6,1,85.0,6.9,Żoliborz,False,True,815000,27533.783783783783,29.6,stary,False,True,False,False,False,False,False,False,True
29.1,1,84.0,4.9,Praga-Południe,False,True,827000,28419.243986254292,29.1,stary,False,True,False,False,False,False,True,False,False
75.4,3,43.0,11.7,Bemowo,False,True,1041000,13806.366047745358,25.133333333333336,stary,False,False,True,False,True,False,False,False,False
58.4,2,86.0,14.9,Praga-Południe,False,False,1169000,20017.123287671235,29.2,stary,False,False,True,False,False,False,True,False,False
56.3,2,0.0,6.0,Mokotów,False,True,1549000,27513.321492007108,28.15,,True,True,True,False,False,True,False,False,False
40.1,1,80.0,3.9,Mokotów,False,False,1069000,26658.354114713216,40.1,stary,False,True,False,False,False,True,False,False,False
42.5,2,10.0,9.4,Praga-Południe,False,False,913000,21482.352941176472,21.25,sredni,False,True,False,False,False,False,True,False,False
47.8,2,3.0,4.7,Bemowo,False,True,955000,19979.07949790795,23.9,nowy,True,True,True,False,True,False,False,False,False
73.8,3,3.0,8.6,Bemowo,False,False,1644000,22276.422764227642,24.599999999999998,nowy,True,True,True,False,True,False,False,False,False
37.3,2,99.0,2.0,Żoliborz,False,True,1013000,27158.176943699735,18.65,stary,False,True,False,False,False,False,False,False,True
40.5,2,38.0,4.7,Mokotów,False,False,652000,16098.765432098766,20.25,stary,False,True,False,False,False,True,False,False,False
70.8,4,36.0,4.8,Mokotów,False,True,974000,13757.062146892657,17.7,stary,False,True,True,False,False,True,False,False,False
25.7,1,0.0,6.2,Praga-Południe,False,True,896000,34863.813229571984,25.7,,True,True,False,False,False,False,True,False,False
34.2,1,7.0,4.4,Mokotów,True,True,1111000,32485.380116959062,34.2,sredni,False,True,False,True,False,True,False,False,False
49.7,2,3.0,2.2,Śródmieście,True,True,1665000,33501.0060362173,24.85,nowy,True,True,True,True,False,False,False,True,False
42.1,2,1.0,0.5,Śródmieście,False,True,1587000,37695.9619952494,21.05,nowy,True,True,False,False,False,False,False,True,False
35.2,1,50.0,1.9,Bemowo,False,False,591000,16789.772727272724,35.2,stary,False,True,False,False,True,False,False,False,False
144.6,6,51.0,1.1,Mokotów,False,True,2593000,17932.226832641772,24.099999999999998,stary,False,True,True,False,False,True,False,False,False
43.3,1,43.0,0.3,Śródmieście,True,True,1132000,26143.1870669746,43.3,stary,False,True,False,True,False,False,False,True,False
47.2,2,53.0,6.8,Praga-Południe,False,True,876000,18559.322033898305,23.6,stary,False,True,True,False,False,False,True,False,False
56.3,3,9.0,2.0,Mokotów,False,True,1021000,18134.991119005328,18.766666666666666,sredni,False,True,True,False,False,True,False,False,False
37.1,2,4.0,8.1,Praga-Południe,False,True,1021000,27520.21563342318,18.55,nowy,True,True,False,False,False,False,True,False,False
71.4,3,34.0,1.6,Mokotów,False,True,1017000,14243.697478991595,23.8,stary,False,True,True,False,False,True,False,False,False
39.3,1,49.0,0.8,Mokotów,False,False,711000,18091.603053435116,39.3,stary,False,True,False,False,False,True,False,False,False
69.4,3,104.0,1.0,Śródmieście,False,True,1993000,28717.57925072046,23.133333333333336,,False,True,True,False,False,False,False,True,False
33.3,2,96.0,4.6,Mokotów,False,True,632000,18978.97897897898,16.65,stary,False,True,False,False,False,True,False,False,False
18.5,1,119.0,7.0,Żoliborz,False,False,451000,24378.37837837838,18.5,,False,True,False,False,False,False,False,False,True
78.3,4,35.0,2.4,Praga-Południe,False,False,1151000,14699.872286079184,19.575,stary,False,True,True,False,False,False,True,False,False
66.4,3,41.0,6.1,Bemowo,True,True,952000,14337.34939759036,22.133333333333336,stary,False,True,True,False,True,False,False,False,False
47.1,2,44.0,0.8,Śródmieście,False,True,964000,20467.091295116774,23.55,stary,False,True,True,False,False,False,False,True,False
18.0,1,33.0,6.5,Mokotów,False,True,412000,22888.88888888889,18.0,stary,False,True,False,False,False,True,False,False,False
34.4,2,38.0,10.0,Żoliborz,True,True,600000,17441.86046511628,17.2,stary,False,False,False,False,False,False,False,False,True
62.1,3,87.0,0.7,Śródmieście,False,True,1624000,26151.36876006441,20.7,stary,False,True,True,False,False,False,False,True,False
42.1,1,40.0,7.7,Żoliborz,True,False,855000,20308.78859857482,42.1,stary,False,True,False,False,False,False,False,False,True
53.9,3,66.0,3.6,Żoliborz,False,True,779000,14452.69016697588,17.966666666666665,stary,False,True,True,False,False,False,False,False,True
48.8,2,8.0,3.5,Żoliborz,True,True,1072000,21967.2131147541,24.4,sredni,False,True,True,False,False,False,False,False,True
41.7,2,5.0,9.1,Mokotów,False,False,1040000,24940.047961630695,20.85,nowy,False,True,False,False,False,True,False,False,False
24.8,1,37.0,1.8,Żoliborz,False,True,463000,18669.354838709678,24.8,stary,False,True,False,False,False,False,False,False,True
56.0,1,37.0,1.8,Żoliborz,False,True,996000,17785.714285714286,56.0,stary,False,True,True,False,False,False,False,False,True
42.2,1,31.0,1.0,Mokotów,True,True,951000,22535.545023696683,42.2,stary,False,True,False,True,False,True,False,False,False
18.0,1,39.0,3.5,Mokotów,True,True,487000,27055.555555555555,18.0,stary,False,True,False,True,False,True,False,False,False
64.1,3,39.0,9.9,Praga-Południe,False,True,847000,13213.728549141966,21.366666666666664,stary,False,True,True,False,False,False,True,False,False
62.2,3,34.0,9.4,Mokotów,False,True,920000,14790.996784565916,20.733333333333334,stary,False,True,True,False,False,True,False,False,False
27.1,1,2.0,3.7,Mokotów,False,True,813000,30000.0,27.1,nowy,True,True,False,False,False,True,False,False,False
75.9,3,3.0,4.2,Mokotów,True,True,1487000,19591.567852437416,25.3,nowy,True,True,True,True,False,True,False,False,False
59.6,2,74.0,1.6,Mokotów,False,True,1240000,20805.369127516777,29.8,stary,False,True,True,False,False,True,False,False,False
55.1,3,7.0,0.9,Śródmieście,True,True,1582000,28711.433756805807,18.366666666666667,sredni,False,True,True,True,False,False,False,True,False
37.6,1,46.0,2.4,Bemowo,False,True,675000,17952.127659574468,37.6,stary,False,True,False,False,True,False,False,False,False
66.5,2,2.0,1.1,Mokotów,False,True,1656000,24902.255639097744,33.25,nowy,True,True,True,False,False,True,False,False,False
26.7,2,36.0,8.3,Bemowo,False,True,413000,15468.16479400749,13.35,stary,False,True,False,False,True,False,False,False,False
104.6,5,51.0,7.6,Praga-Południe,False,True,1710000,16347.992351816445,20.919999999999998,stary,False,True,True,False,False,False,True,False,False
45.1,2,41.0,3.2,Mokotów,True,False,769000,17050.9977827051,22.55,stary,False,True,False,False,False,True,False,False,False
63.3,3,81.0,4.6,Bemowo,False,False,1137000,17962.085308056874,21.099999999999998,stary,False,True,True,False,True,False,False,False,False
23.1,1,54.0,5.1,Bemowo,False,False,360000,15584.415584415583,23.1,stary,False,True,False,False,True,False,False,False,False
54.7,2,63.0,0.4,Śródmieście,False,True,1455000,26599.634369287018,27.35,stary,False,True,True,False,False,False,False,True,False
43.9,2,85.0,2.5,Żoliborz,False,True,1109000,25261.958997722097,21.95,stary,False,True,False,False,False,False,False,False,True
46.2,2,12.0,6.3,Mokotów,True,False,1060000,22943.722943722943,23.1,sredni,False,True,False,False,False,True,False,False,False
37.2,2,33.0,3.3,Bemowo,False,False,524000,14086.021505376342,18.6,stary,False,True,False,False,True,False,False,False,False
66.6,2,87.0,0.7,Śródmieście,False,False,2369000,35570.57057057058,33.3,stary,False,True,True,False,False,False,False,True,False
50.9,2,46.0,1.5,Śródmieście,False,True,1010000,19842.829076620827,25.45,stary,False,True,True,False,False,False,False,True,False
81.1,3,37.0,7.5,Praga-Południe,False,True,1390000,17139.33415536375,27.03333333333333,stary,False,True,True,False,False,False,True,False,False
19.8,1,95.0,1.4,Żoliborz,False,False,535000,27020.202020202018,19.8,stary,False,True,False,False,False,False,False,False,True
41.4,2,10.0,4.6,Mokotów,False,True,1019000,24613.52657004831,20.7,sredni,False,True,False,False,False,True,False,False,False
37.8,1,47.0,4.5,Bemowo,False,True,683000,18068.783068783072,37.8,stary,False,True,False,False,True,False,False,False,False
56.7,4,67.0,4.4,Bemowo,True,False,1044000,18412.698412698413,14.175,stary,False,True,True,False,True,False,False,False,False
35.6,2,52.0,2.4,Praga-Południe,False,True,756000,21235.955056179773,17.8,stary,False,True,False,False,False,False,True,False,False
69.7,3,51.0,6.0,Mokotów,False,True,932000,13371.592539454805,23.233333333333334,stary,False,True,True,False,False,True,False,False,False
67.6,3,61.0,12.7,Bemowo,False,True,1078000,15946.74556213018,22.53333333333333,stary,False,False,True,False,True,False,False,False,False
34.1,2,36.0,13.6,Mokotów,False,False,516000,15131.964809384164,17.05,stary,False,False,False,False,False,True,False,False,False
41.6,1,44.0,1.5,Mokotów,False,True,849000,20408.653846153844,41.6,stary,False,True,False,False,False,True,False,False,False
34.6,1,70.0,6.8,Praga-Południe,True,True,1040000,30057.80346820809,34.6,stary,False,True,False,False,False,False,True,False,False
24.0,1,101.0,1.8,Śródmieście,False,False,1080000,45000.0,24.0,,False,True,False,False,False,False,False,True,False
60.2,2,108.0,6.2,Żoliborz,False,False,1383000,22973.421926910298,30.1,,False,True,True,False,False,False,False,False,True
21.8,1,63.0,7.1,Bemowo,False,True,524000,24036.697247706423,21.8,stary,False,True,False,False,True,False,False,False,False
64.6,3,93.0,2.1,Mokotów,False,True,1309000,20263.157894736843,21.53333333333333,stary,False,True,True,False,False,True,False,False,False
103.0,3,52.0,8.8,Praga-Południe,False,True,1673000,16242.718446601943,34.333333333333336,stary,False,True,True,False,False,False,True,False,False
54.7,3,34.0,11.2,Praga-Południe,False,True,927000,16946.983546617914,18.233333333333334,stary,False,False,True,False,False,False,True,False,False
53.6,2,32.0,6.3,Mokotów,False,True,833000,15541.044776119403,26.8,stary,False,True,True,False,False,True,False,False,False
86.2,4,45.0,3.0,Mokotów,False,True,1452000,16844.547563805103,21.55,stary,False,True,True,False,False,True,False,False,False
45.1,2,48.0,7.3,Bemowo,False,False,737000,16341.463414634145,22.55,stary,False,True,False,False,True,False,False,False,False
51.1,2,104.0,0.3,Śródmieście,False,True,1818000,35577.29941291585,25.55,,False,True,True,False,False,False,False,True,False
31.7,1,11.0,10.0,Mokotów,False,True,880000,27760.2523659306,31.7,sredni,False,False,False,False,False,True,False,False,False
55.8,2,107.0,2.9,Żoliborz,True,False,1145000,20519.713261648747,27.9,,False,True,True,False,False,False,False,False,True
44.9,2,91.0,5.4,Żoliborz,True,True,1118000,24899.77728285078,22.45,stary,False,True,False,False,False,False,False,False,True
22.9,1,9.0,2.4,Mokotów,False,True,654000,28558.951965065506,22.9,sredni,False,True,False,False,False,True,False,False,False
34.5,2,11.0,6.5,Bemowo,True,True,930000,26956.521739130436,17.25,sredni,False,True,False,False,True,False,False,False,False
60.2,3,56.0,3.6,Bemowo,False,False,861000,14302.325581395347,20.066666666666666,stary,False,True,True,False,True,False,False,False,False
69.1,2,84.0,6.7,Mokotów,False,True,1494000,21620.83936324168,34.55,stary,False,True,True,False,False,True,False,False,False
30.3,1,56.0,4.5,Żoliborz,False,True,603000,19900.9900990099,30.3,stary,False,True,False,False,False,False,False,False,True
60.5,2,32.0,6.5,Żoliborz,False,False,1012000,16727.272727272728,30.25,stary,False,True,True,False,False,False,False,False,True
57.6,2,43.0,8.0,Bemowo,False,False,723000,12552.083333333332,28.8,stary,False,True,True,False,True,False,False,False,False
29.1,1,1.0,4.2,Mokotów,True,True,1095000,37628.865979381444,29.1,nowy,True,True,False,True,False,True,False,False,False
62.9,3,49.0,10.1,Praga-Południe,False,False,925000,14705.882352941177,20.966666666666665,stary,False,False,True,False,False,False,True,False,False
25.2,2,9.0,0.8,Żoliborz,False,True,560000,22222.222222222223,12.6,sredni,False,True,False,False,False,False,False,False,True
73.9,4,51.0,1.7,Śródmieście,False,True,1579000,21366.711772665763,18.475,stary,False,True,True,False,False,False,False,True,False
64.0,3,45.0,5.6,Bemowo,False,False,787000,12296.875,21.333333333333332,stary,False,True,True,False,True,False,False,False,False
55.0,2,50.0,8.2,Bemowo,False,True,841000,15290.90909090909,27.5,stary,False,True,True,False,True,False,False,False,False
48.1,1,7.0,8.3,Mokotów,True,True,1526000,31725.571725571725,48.1,sredni,False,True,True,True,False,True,False,False,False
54.9,3,38.0,1.6,Żoliborz,False,True,727000,13242.258652094719,18.3,stary,False,True,True,False,False,False,False,False,True
46.6,3,53.0,8.5,Bemowo,False,True,624000,13390.557939914162,15.533333333333333,stary,False,True,True,False,True,False,False,False,False
41.3,2,103.0,0.9,Śródmieście,False,False,1302000,31525.423728813563,20.65,,False,True,False,False,False,False,False,True,False
28.9,1,87.0,0.6,Śródmieście,False,True,1227000,42456.74740484429,28.9,stary,False,True,False,False,False,False,False,True,False
33.6,2,39.0,2.9,Praga-Południe,False,False,597000,17767.85714285714,16.8,stary,False,True,False,False,False,False,True,False,False
38.6,1,32.0,6.3,Żoliborz,False,True,654000,16943.00518134715,38.6,stary,False,True,False,False,False,False,False,False,True
18.0,1,64.0,3.4,Mokotów,True,False,424000,23555.555555555555,18.0,stary,False,True,False,False,False,True,False,False,False
53.0,2,69.0,10.4,Praga-Południe,False,False,1120000,21132.075471698114,26.5,stary,False,False,True,False,False,False,True,False,False
62.1,2,35.0,6.9,Praga-Południe,False,False,1105000,17793.8808373591,31.05,stary,False,True,True,False,False,False,True,False,False
40.1,2,46.0,4.6,Praga-Południe,False,True,646000,16109.725685785535,20.05,stary,False,True,False,False,False,False,True,False,False
25.6,1,118.0,2.9,Żoliborz,False,False,709000,27695.3125,25.6,,False,True,False,False,False,False,False,False,True
29.3,1,67.0,2.5,Żoliborz,False,True,692000,23617.747440273037,29.3,stary,False,True,False,False,False,False,False,False,True
53.2,2,42.0,2.4,Praga-Południe,False,True,970000,18233.082706766916,26.6,stary,False,True,True,False,False,False,True,False,False
24.9,1,8.0,7.0,Bemowo,True,True,749000,30080.321285140562,24.9,sredni,False,True,False,False,True,False,False,False,False
82.7,3,55.0,12.5,Bemowo,False,True,1231000,14885.126964933494,27.566666666666666,stary,False,False,True,False,True,False,False,False,False
48.3,2,46.0,10.3,Bemowo,False,True,677000,14016.56314699793,24.15,stary,False,False,True,False,True,False,False,False,False
63.7,3,6.0,1.5,Mokotów,False,True,1302000,20439.56043956044,21.233333333333334,sredni,False,True,True,False,False,True,False,False,False
67.8,3,6.0,4.9,Żoliborz,False,True,1228000,18112.094395280237,22.599999999999998,sredni,False,True,True,False,False,False,False,False,True
51.0,2,45.0,4.2,Żoliborz,True,False,853000,16725.49019607843,25.5,stary,False,True,True,False,False,False,False,False,True
35.2,1,35.0,7.6,Praga-Południe,False,False,632000,17954.545454545452,35.2,stary,False,True,False,False,False,False,True,False,False
28.3,1,103.0,4.2,Bemowo,False,False,636000,22473.49823321555,28.3,,False,True,False,False,True,False,False,False,False
38.0,2,46.0,4.3,Praga-Południe,False,False,608000,16000.0,19.0,stary,False,True,False,False,False,False,True,False,False
52.8,2,86.0,3.0,Żoliborz,False,False,1254000,23750.0,26.4,stary,False,True,True,False,False,False,False,False,True
36.7,1,10.0,12.3,Praga-Południe,False,True,997000,27166.212534059945,36.7,sredni,False,False,False,False,False,False,True,False,False
85.1,3,5.0,2.2,Mokotów,True,True,1764000,20728.554641598123,28.366666666666664,nowy,False,True,True,True,False,True,False,False,False
43.6,2,54.0,3.3,Bemowo,False,False,750000,17201.83486238532,21.8,stary,False,True,False,False,True,False,False,False,False
44.0,1,86.0,3.3,Bemowo,False,True,1163000,26431.81818181818,44.0,stary,False,True,False,False,True,False,False,False,False
23.2,1,45.0,8.9,Bemowo,True,True,449000,19353.44827586207,23.2,stary,False,True,False,False,True,False,False,False,False
31.9,1,50.0,6.1,Praga-Południe,False,True,579000,18150.470219435738,31.9,stary,False,True,False,False,False,False,True,False,False
31.7,2,52.0,4.1,Bemowo,False,False,606000,19116.719242902207,15.85,stary,False,True,False,False,True,False,False,False,False
48.3,2,36.0,1.4,Mokotów,False,False,642000,13291.92546583851,24.15,stary,False,True,True,False,False,True,False,False,False
56.5,2,96.0,3.6,Żoliborz,True,True,1493000,26424.778761061945,28.25,stary,False,True,True,False,False,False,False,False,True
104.5,5,80.0,10.0,Praga-Południe,False,True,2038000,19502.392344497606,20.9,stary,False,False,True,False,False,False,True,False,False
38.0,2,83.0,2.8,Mokotów,False,True,850000,22368.42105263158,19.0,stary,False,True,False,False,False,True,False,False,False
20.3,1,11.0,3.4,Żoliborz,False,True,460000,22660.098522167485,20.3,sredni,False,True,False,False,False,False,False,False,True
74.0,3,96.0,0.9,Śródmieście,False,True,2251000,30418.91891891892,24.666666666666668,stary,False,True,True,False,False,False,False,True,False
63.4,3,45.0,1.1,Śródmieście,False,True,1250000,19716.08832807571,21.133333333333333,stary,False,True,True,False,False,False,False,True,False
58.2,3,49.0,3.8,Mokotów,False,True,850000,14604.810996563574,19.400000000000002,stary,False,True,True,False,False,True,False,False,False
84.1,4,62.0,3.3,Mokotów,False,False,1626000,19334.126040428062,21.025,stary,False,True,True,False,False,True,False,False,False
60.1,3,0.0,5.9,Mokotów,True,True,1584000,26356.073211314477,20.033333333333335,,True,True,True,True,False,True,False,False,False
32.3,2,41.0,7.9,Praga-Południe,False,False,499000,15448.916408668732,16.15,stary,False,True,False,False,False,False,True,False,False
51.4,2,11.0,4.2,Mokotów,False,True,1114000,21673.151750972764,25.7,sredni,False,True,True,False,False,True,False,False,False
36.0,2,50.0,2.7,Żoliborz,False,True,490000,13611.111111111111,18.0,stary,False,True,False,False,False,False,False,False,True
36.2,1,10.0,2.2,Mokotów,True,True,1098000,30331.49171270718,36.2,sredni,False,True,False,True,False,True,False,False,False
62.9,2,63.0,6.7,Bemowo,False,False,1119000,17790.143084260733,31.45,stary,False,True,True,False,True,False,False,False,False
61.2,3,49.0,3.0,Bemowo,False,True,806000,13169.934640522875,20.400000000000002,stary,False,True,True,False,True,False,False,False,False
35.1,1,43.0,10.9,Mokotów,False,True,652000,18575.498575498576,35.1,stary,False,False,False,False,False,True,False,False,False
46.8,1,36.0,7.2,Żoliborz,False,True,827000,17670.94017094017,46.8,stary,False,True,True,False,False,False,False,False,True
61.6,3,37.0,9.1,Bemowo,False,True,864000,14025.974025974027,20.533333333333335,stary,False,True,True,False,True,False,False,False,False
54.4,2,106.0,2.4,Mokotów,False,True,1433000,26341.911764705885,27.2,,False,True,True,False,False,True,False,False,False
27.7,2,89.0,5.0,Bemowo,False,True,625000,22563.17689530686,13.85,stary,False,True,False,False,True,False,False,False,False
51.3,2,42.0,14.1,Żoliborz,False,False,708000,13801.169590643276,25.65,stary,False,False,True,False,False,False,False,False,True
67.8,2,63.0,0.9,Śródmieście,False,True,2092000,30855.457227138646,33.9,stary,False,True,True,False,False,False,False,True,False
34.1,1,8.0,2.4,Żoliborz,True,True,924000,27096.774193548386,34.1,sredni,False,True,False,False,False,False,False,False,True
55.4,2,40.0,4.4,Praga-Południe,False,False,886000,15992.779783393502,27.7,stary,False,True,True,False,False,False,True,False,False
56.1,3,51.0,4.8,Praga-Południe,False,False,904000,16114.081996434938,18.7,stary,False,True,True,False,False,False,True,False,False
33.1,1,43.0,8.9,Bemowo,False,True,559000,16888.217522658608,33.1,stary,False,True,False,False,True,False,False,False,False
29.3,2,35.0,7.2,Praga-Południe,False,True,454000,15494.880546075085,14.65,stary,False,True,False,False,False,False,True,False,False
33.3,2,9.0,4.5,Żoliborz,False,True,646000,19399.3993993994,16.65,sredni,False,True,False,False,False,False,False,False,True
27.0,1,58.0,0.8,Śródmieście,False,True,813000,30111.11111111111,27.0,stary,False,True,False,False,False,False,False,True,False
96.5,3,85.0,8.3,Praga-Południe,False,True,1844000,19108.80829015544,32.166666666666664,stary,False,True,True,False,False,False,True,False,False
38.7,2,9.0,7.4,Bemowo,False,True,764000,19741.60206718346,19.35,sredni,False,True,False,False,True,False,False,False,False
45.1,2,100.0,4.3,Mokotów,False,False,1010000,22394.678492239465,22.55,stary,False,True,False,False,False,True,False,False,False
30.4,2,96.0,6.6,Praga-Południe,False,True,765000,25164.473684210527,15.2,stary,False,True,False,False,False,False,True,False,False
48.8,2,8.0,8.3,Bemowo,True,True,1079000,22110.655737704918,24.4,sredni,False,True,True,False,True,False,False,False,False
51.6,3,37.0,2.1,Żoliborz,False,False,685000,13275.193798449613,17.2,stary,False,True,True,False,False,False,False,False,True
28.4,1,0.0,5.5,Praga-Południe,True,True,767000,27007.04225352113,28.4,,True,True,False,False,False,False,True,False,False
34.4,1,118.0,2.1,Śródmieście,False,False,1512000,43953.48837209302,34.4,,False,True,False,False,False,False,False,True,False
46.1,2,1.0,16.5,Bemowo,False,True,1078000,23383.94793926247,23.05,nowy,True,False,False,False,True,False,False,False,False
75.6,4,51.0,5.5,Bemowo,False,False,1124000,14867.724867724868,18.9,stary,False,True,True,False,True,False,False,False,False
38.6,1,49.0,0.4,Śródmieście,False,True,899000,23290.155440414506,38.6,stary,False,True,False,False,False,False,False,True,False
26.3,1,82.0,2.2,Żoliborz,False,False,736000,27984.790874524715,26.3,stary,False,True,False,False,False,False,False,False,True
56.6,2,70.0,12.4,Bemowo,False,False,1092000,19293.28621908127,28.3,stary,False,False,True,False,True,False,False,False,False
43.3,2,98.0,3.3,Żoliborz,True,False,997000,23025.404157043882,21.65,stary,False,True,False,False,False,False,False,False,True
54.6,2,44.0,0.3,Śródmieście,False,False,1129000,20677.655677655675,27.3,stary,False,True,True,False,False,False,False,True,False
46.4,1,40.0,3.6,Bemowo,True,False,902000,19439.655172413793,46.4,stary,False,True,False,False,True,False,False,False,False
46.3,2,33.0,6.2,Praga-Południe,False,False,945000,20410.367170626352,23.15,stary,False,True,False,False,False,False,True,False,False
48.9,2,11.0,3.8,Śródmieście,False,True,1216000,24867.075664621676,24.45,sredni,False,True,True,False,False,False,False,True,False
37.3,2,43.0,11.4,Bemowo,False,False,499000,13378.016085790885,18.65,stary,False,False,False,False,True,False,False,False,False
98.0,4,35.0,5.3,Praga-Południe,False,True,1865000,19030.61224489796,24.5,stary,False,True,True,False,False,False,True,False,False
45.4,2,58.0,7.6,Praga-Południe,False,False,902000,19867.84140969163,22.7,stary,False,True,False,False,False,False,True,False,False
55.4,1,2.0,6.4,Żoliborz,True,True,1430000,25812.274368231047,55.4,nowy,True,True,True,False,False,False,False,False,True
36.6,2,7.0,7.1,Praga-Południe,False,True,969000,26475.409836065573,18.3,sredni,False,True,False,False,False,False,True,False,False
18.0,1,9.0,5.4,Bemowo,True,True,459000,25500.0,18.0,sredni,False,True,False,False,True,False,False,False,False
35.1,1,42.0,3.7,Praga-Południe,False,True,669000,19059.82905982906,35.1,stary,False,True,False,False,False,False,True,False,False
64.8,3,81.0,2.6,Bemowo,True,True,1586000,24475.30864197531,21.599999999999998,stary,False,True,True,False,True,False,False,False,False
28.5,2,34.0,1.1,Mokotów,False,False,475000,16666.666666666668,14.25,stary,False,True,False,False,False,True,False,False,False
65.0,3,33.0,11.1,Praga-Południe,False,True,963000,14815.384615384615,21.666666666666668,stary,False,False,True,False,False,False,True,False,False
41.4,2,86.0,4.0,Żoliborz,False,False,1019000,24613.52657004831,20.7,stary,False,True,False,False,False,False,False,False,True
36.5,1,32.0,4.6,Bemowo,False,False,601000,16465.753424657534,36.5,stary,False,True,False,False,True,False,False,False,False
1221.0,5,97.0,4.3,Mokotów,True,False,2746000,2248.976248976249,244.2,stary,False,True,True,False,False,True,False,False,False
65.3,4,8.0,2.5,Mokotów,False,True,1467000,22465.543644716694,16.325,sredni,False,True,True,False,False,True,False,False,False
58.6,2,11.0,2.4,Mokotów,False,True,1339000,22849.829351535835,29.3,sredni,False,True,True,False,False,True,False,False,False
50.8,2,9.0,1.2,Mokotów,False,True,1172000,23070.866141732284,25.4,sredni,False,True,True,False,False,True,False,False,False
69.4,3,4.0,3.1,Żoliborz,False,True,1437000,20706.051873198845,23.133333333333336,nowy,True,True,True,False,False,False,False,False,True
47.1,3,1.0,1.7,Mokotów,True,True,1202000,25520.16985138004,15.700000000000001,nowy,True,True,True,True,False,True,False,False,False
66.3,4,64.0,6.5,Mokotów,False,True,1361000,20527.90346907994,16.575,stary,False,True,True,False,False,True,False,False,False
87.7,5,49.0,8.1,Praga-Południe,False,True,1559000,17776.510832383123,17.54,stary,False,True,True,False,False,False,True,False,False
54.4,1,97.0,1.1,Śródmieście,False,False,2233000,41047.79411764706,54.4,stary,False,True,True,False,False,False,False,True,False
56.9,3,68.0,5.6,Mokotów,False,False,1021000,17943.760984182776,18.966666666666665,stary,False,True,True,False,False,True,False,False,False
29.8,1,30.0,12.4,Mokotów,False,True,611000,20503.355704697988,29.8,stary,False,False,False,False,False,True,False,False,False
96.6,3,2.0,9.4,Bemowo,True,True,2157000,22329.192546583854,32.199999999999996,nowy,True,True,True,False,True,False,False,False,False
38.8,2,87.0,12.8,Bemowo,False,True,792000,20412.37113402062,19.4,stary,False,False,False,False,True,False,False,False,False
25.1,1,45.0,5.1,Mokotów,False,True,531000,21155.378486055775,25.1,stary,False,True,False,False,False,True,False,False,False
57.1,2,31.0,6.7,Bemowo,False,True,998000,17478.108581436078,28.55,stary,False,True,True,False,True,False,False,False,False
26.2,1,100.0,0.3,Śródmieście,False,False,1117000,42633.587786259544,26.2,stary,False,True,False,False,False,False,False,True,False
30.7,2,3.0,6.0,Praga-Południe,True,True,760000,24755.700325732898,15.35,nowy,True,True,False,False,False,False,True,False,False
44.6,2,1.0,8.7,Bemowo,True,True,1122000,25156.95067264574,22.3,nowy,True,True,False,False,True,False,False,False,False
43.9,2,6.0,2.7,Praga-Południe,True,False,1204000,27425.96810933941,21.95,sredni,False,True,False,False,False,False,True,False,False
51.8,2,86.0,0.8,Żoliborz,False,True,1241000,23957.528957528957,25.9,stary,False,True,True,False,False,False,False,False,True
46.4,1,32.0,7.6,Żoliborz,True,True,1025000,22090.51724137931,46.4,stary,False,True,False,False,False,False,False,False,True
117.9,5,37.0,14.6,Praga-Południe,False,False,1414000,11993.214588634435,23.580000000000002,stary,False,False,True,False,False,False,True,False,False
61.5,3,99.0,10.2,Mokotów,False,True,1323000,21512.19512195122,20.5,stary,False,False,True,False,False,True,False,False,False
40.3,2,50.0,8.8,Praga-Południe,False,False,685000,16997.518610421837,20.15,stary,False,True,False,False,False,False,True,False,False
73.9,3,6.0,4.4,Mokotów,True,True,1642000,22219.215155615697,24.633333333333336,sredni,False,True,True,True,False,True,False,False,False
47.7,1,4.0,13.1,Praga-Południe,False,True,1460000,30607.96645702306,47.7,nowy,True,False,True,False,False,False,True,False,False
23.2,1,77.0,5.9,Mokotów,False,True,551000,23750.0,23.2,stary,False,True,False,False,False,True,False,False,False
79.5,4,34.0,5.0,Mokotów,False,True,1090000,13710.691823899371,19.875,stary,False,True,True,False,False,True,False,False,False
56.4,2,69.0,4.2,Bemowo,False,True,1137000,20159.574468085106,28.2,stary,False,True,True,False,True,False,False,False,False
62.5,2,87.0,4.0,Praga-Południe,True,True,1611000,25776.0,31.25,stary,False,True,True,False,False,False,True,False,False
36.6,1,107.0,4.3,Żoliborz,False,True,1013000,27677.5956284153,36.6,,False,True,False,False,False,False,False,False,True
84.1,4,62.0,3.3,Mokotów,False,False,1626000,19334.126040428062,21.025,stary,False,True,True,False,False,True,False,False,False
27.8,1,8.0,6.2,Praga-Południe,True,True,959000,34496.40287769784,27.8,sredni,False,True,False,False,False,False,True,False,False
60.4,2,8.0,7.7,Bemowo,True,True,1445000,23923.841059602648,30.2,sredni,False,True,True,False,True,False,False,False,False
27.1,2,77.0,11.7,Bemowo,False,True,458000,16900.369003690037,13.55,stary,False,False,False,False,True,False,False,False,False
22.2,1,47.0,0.6,Śródmieście,True,True,674000,30360.360360360362,22.2,stary,False,True,False,True,False,False,False,True,False
37.0,1,113.0,4.3,Żoliborz,True,False,1083000,29270.27027027027,37.0,,False,True,False,False,False,False,False,False,True
36.5,1,47.0,1.8,Mokotów,False,True,689000,18876.712328767124,36.5,stary,False,True,False,False,False,True,False,False,False
41.3,2,48.0,5.3,Bemowo,False,True,624000,15108.958837772398,20.65,stary,False,True,False,False,True,False,False,False,False
43.0,2,44.0,9.4,Bemowo,True,False,734000,17069.767441860466,21.5,stary,False,True,False,False,True,False,False,False,False
79.8,3,44.0,1.8,Mokotów,False,False,1346000,16867.1679197995,26.599999999999998,stary,False,True,True,False,False,True,False,False,False
58.5,3,1.0,3.8,Żoliborz,False,True,1161000,19846.153846153848,19.5,nowy,True,True,True,False,False,False,False,False,True
41.6,2,34.0,2.5,Żoliborz,False,True,575000,13822.115384615385,20.8,stary,False,True,False,False,False,False,False,False,True
46.8,1,99.0,1.0,Żoliborz,False,False,1574000,33632.47863247863,46.8,stary,False,True,True,False,False,False,False,False,True
35.8,1,34.0,3.8,Mokotów,False,False,709000,19804.46927374302,35.8,stary,False,True,False,False,False,True,False,False,False
83.6,4,64.0,7.8,Mokotów,True,True,1542000,18444.976076555024,20.9,stary,False,True,True,True,False,True,False,False,False
38.7,1,11.0,8.9,Bemowo,False,True,839000,21679.586563307494,38.7,sredni,False,True,False,False,True,False,False,False,False
71.4,3,46.0,5.6,Praga-Południe,False,True,1111000,15560.224089635853,23.8,stary,False,True,True,False,False,False,True,False,False
48.5,2,6.0,3.6,Mokotów,False,True,1050000,21649.484536082473,24.25,sredni,False,True,True,False,False,True,False,False,False
41.3,1,34.0,0.6,Mokotów,True,True,1010000,24455.205811138017,41.3,stary,False,True,False,True,False,True,False,False,False
28.5,2,91.0,0.3,Śródmieście,False,True,992000,34807.01754385965,14.25,stary,False,True,False,False,False,False,False,True,False
96.9,4,98.0,7.2,Bemowo,False,True,2044000,21093.91124871001,24.225,stary,False,True,True,False,True,False,False,False,False
37.5,2,51.0,1.8,Bemowo,False,True,736000,19626.666666666668,18.75,stary,False,True,False,False,True,False,False,False,False
32.8,1,52.0,0.6,Śródmieście,False,False,786000,23963.414634146342,32.8,stary,False,True,False,False,False,False,False,True,False
60.2,3,40.0,9.9,Bemowo,False,False,725000,12043.189368770763,20.066666666666666,stary,False,True,True,False,True,False,False,False,False
52.9,2,48.0,9.3,Żoliborz,False,False,668000,12627.599243856333,26.45,stary,False,True,True,False,False,False,False,False,True
93.5,4,5.0,5.5,Bemowo,True,True,1960000,20962.566844919787,23.375,nowy,False,True,True,False,True,False,False,False,False
39.8,2,5.0,4.3,Żoliborz,True,True,1050000,26381.909547738695,19.9,nowy,False,True,False,False,False,False,False,False,True
61.9,2,53.0,9.9,Bemowo,False,True,920000,14862.681744749596,30.95,stary,False,True,True,False,True,False,False,False,False
44.8,3,90.0,0.7,Mokotów,False,True,737000,16450.89285714286,14.933333333333332,stary,False,True,False,False,False,True,False,False,False
100.6,4,109.0,1.2,Mokotów,False,False,2083000,20705.765407554674,25.15,,False,True,True,False,False,True,False,False,False
25.3,1,30.0,5.3,Praga-Południe,False,False,544000,21501.97628458498,25.3,stary,False,True,False,False,False,False,True,False,False
92.2,3,64.0,0.7,Mokotów,False,True,1961000,21268.980477223427,30.733333333333334,stary,False,True,True,False,False,True,False,False,False
83.7,4,48.0,5.3,Bemowo,False,False,1371000,16379.928315412186,20.925,stary,False,True,True,False,True,False,False,False,False
61.3,2,49.0,5.0,Bemowo,True,True,984000,16052.20228384992,30.65,stary,False,True,True,False,True,False,False,False,False
39.9,1,3.0,5.3,Praga-Południe,False,True,1224000,30676.69172932331,39.9,nowy,True,True,False,False,False,False,True,False,False
49.0,2,45.0,2.6,Mokotów,False,True,792000,16163.265306122448,24.5,stary,False,True,True,False,False,True,False,False,False
51.9,2,45.0,3.9,Mokotów,False,True,787000,15163.776493256262,25.95,stary,False,True,True,False,False,True,False,False,False
98.9,4,84.0,3.3,Mokotów,False,True,1989000,20111.22345803842,24.725,stary,False,True,True,False,False,True,False,False,False
55.5,2,83.0,1.1,Żoliborz,False,True,1361000,24522.522522522522,27.75,stary,False,True,True,False,False,False,False,False,True
53.6,2,48.0,6.3,Żoliborz,False,False,718000,13395.5223880597,26.8,stary,False,True,True,False,False,False,False,False,True
54.4,2,108.0,1.6,Mokotów,False,True,1184000,21764.70588235294,27.2,,False,True,True,False,False,True,False,False,False
55.4,3,53.0,5.0,Mokotów,False,True,849000,15324.909747292419,18.466666666666665,stary,False,True,True,False,False,True,False,False,False
114.7,5,55.0,1.9,Mokotów,False,False,1790000,15605.928509154315,22.94,stary,False,True,True,False,False,True,False,False,False
49.1,2,2.0,4.5,Mokotów,False,True,1304000,26558.04480651731,24.55,nowy,True,True,True,False,False,True,False,False,False
33.4,1,9.0,3.9,Praga-Południe,True,True,1026000,30718.5628742515,33.4,sredni,False,True,False,False,False,False,True,False,False
45.9,2,72.0,9.6,Mokotów,False,True,929000,20239.651416122004,22.95,stary,False,True,False,False,False,True,False,False,False
73.1,2,85.0,3.3,Mokotów,False,False,1588000,21723.666210670315,36.55,stary,False,True,True,False,False,True,False,False,False
25.1,1,52.0,5.3,Praga-Południe,False,True,594000,23665.338645418324,25.1,stary,False,True,False,False,False,False,True,False,False
45.2,2,54.0,1.2,Śródmieście,False,False,1101000,24358.407079646015,22.6,stary,False,True,False,False,False,False,False,True,False
34.2,2,10.0,4.7,Mokotów,True,True,938000,27426.90058479532,17.1,sredni,False,True,False,True,False,True,False,False,False
64.6,3,80.0,7.4,Bemowo,False,True,1156000,17894.736842105263,21.53333333333333,stary,False,True,True,False,True,False,False,False,False
35.5,2,10.0,3.9,Praga-Południe,False,True,668000,18816.901408450703,17.75,sredni,False,True,False,False,False,False,True,False,False
46.9,2,3.0,3.3,Bemowo,True,True,1025000,21855.01066098081,23.45,nowy,True,True,True,False,True,False,False,False,False
43.8,2,8.0,2.8,Mokotów,False,True,1107000,25273.972602739726,21.9,sredni,False,True,False,False,False,True,False,False,False
71.4,3,39.0,4.8,Mokotów,True,True,1210000,16946.778711484592,23.8,stary,False,True,True,True,False,True,False,False,False
62.8,3,95.0,2.5,Bemowo,False,False,1305000,20780.254777070066,20.933333333333334,stary,False,True,True,False,True,False,False,False,False
47.5,3,99.0,9.2,Praga-Południe,False,True,946000,19915.78947368421,15.833333333333334,stary,False,True,True,False,False,False,True,False,False
57.6,2,84.0,1.0,Śródmieście,False,False,1942000,33715.277777777774,28.8,stary,False,True,True,False,False,False,False,True,False
56.5,2,4.0,6.0,Mokotów,False,True,1347000,23840.70796460177,28.25,nowy,True,True,True,False,False,True,False,False,False
71.0,3,1.0,2.7,Mokotów,False,True,1854000,26112.676056338027,23.666666666666668,nowy,True,True,True,False,False,True,False,False,False
22.4,1,114.0,3.1,Żoliborz,False,False,673000,30044.64285714286,22.4,,False,True,False,False,False,False,False,False,True
31.3,1,3.0,11.9,Mokotów,False,True,901000,28785.94249201278,31.3,nowy,True,False,False,False,False,True,False,False,False
78.2,2,33.0,10.0,Praga-Południe,True,False,1338000,17109.97442455243,39.1,stary,False,False,True,False,False,False,True,False,False
18.9,1,95.0,3.9,Mokotów,False,False,482000,25502.645502645504,18.9,stary,False,True,False,False,False,True,False,False,False
28.8,1,49.0,4.8,Praga-Południe,True,True,662000,22986.11111111111,28.8,stary,False,True,False,False,False,False,True,False,False
60.6,3,101.0,6.0,Żoliborz,False,True,1206000,19900.9900990099,20.2,,False,True,True,False,False,False,False,False,True
42.8,2,9.0,2.9,Mokotów,False,True,1040000,24299.06542056075,21.4,sredni,False,True,False,False,False,True,False,False,False
47.7,2,10.0,15.0,Bemowo,True,True,1145000,24004.192872117397,23.85,sredni,False,False,True,False,True,False,False,False,False
26.9,2,42.0,4.6,Praga-Południe,True,True,490000,18215.613382899628,13.45,stary,False,True,False,False,False,False,True,False,False
44.0,2,45.0,6.5,Mokotów,False,True,730000,16590.909090909092,22.0,stary,False,True,False,False,False,True,False,False,False
69.8,3,43.0,5.0,Praga-Południe,False,True,1040000,14899.71346704871,23.266666666666666,stary,False,True,True,False,False,False,True,False,False
47.4,1,3.0,5.8,Mokotów,True,True,1448000,30548.523206751055,47.4,nowy,True,True,True,True,False,True,False,False,False
64.1,3,34.0,1.4,Śródmieście,False,False,1378000,21497.659906396257,21.366666666666664,stary,False,True,True,False,False,False,False,True,False
43.9,2,75.0,0.3,Śródmieście,False,True,1354000,30842.824601366745,21.95,stary,False,True,False,False,False,False,False,True,False
18.0,1,97.0,6.3,Śródmieście,False,True,686000,38111.11111111111,18.0,stary,False,True,False,False,False,False,False,True,False
53.8,3,81.0,2.4,Śródmieście,False,True,1748000,32490.706319702604,17.933333333333334,stary,False,True,True,False,False,False,False,True,False
79.2,3,94.0,3.6,Mokotów,False,True,1488000,18787.878787878788,26.400000000000002,stary,False,True,True,False,False,True,False,False,False
86.7,4,41.0,18.0,Bemowo,False,False,950000,10957.324106113034,21.675,stary,False,False,True,False,True,False,False,False,False
48.1,2,87.0,1.4,Śródmieście,True,False,1782000,37047.81704781704,24.05,stary,False,True,True,False,False,False,False,True,False
50.6,2,37.0,2.4,Mokotów,False,True,776000,15335.96837944664,25.3,stary,False,True,True,False,False,True,False,False,False
21.5,1,5.0,2.4,Mokotów,False,False,578000,26883.720930232557,21.5,nowy,False,True,False,False,False,True,False,False,False
18.0,1,43.0,1.8,Praga-Południe,False,False,300000,16666.666666666668,18.0,stary,False,True,False,False,False,False,True,False,False
25.3,1,47.0,7.4,Praga-Południe,False,True,442000,17470.355731225296,25.3,stary,False,True,False,False,False,False,True,False,False
43.3,2,51.0,9.7,Bemowo,False,False,624000,14411.085450346422,21.65,stary,False,True,False,False,True,False,False,False,False
39.1,1,54.0,2.2,Żoliborz,False,False,675000,17263.427109974426,39.1,stary,False,True,False,False,False,False,False,False,True
40.2,2,54.0,12.1,Bemowo,False,True,709000,17636.81592039801,20.1,stary,False,False,False,False,True,False,False,False,False
24.5,1,9.0,13.0,Bemowo,False,True,581000,23714.285714285714,24.5,sredni,False,False,False,False,True,False,False,False,False
23.5,1,39.0,1.9,Śródmieście,False,False,578000,24595.744680851065,23.5,stary,False,True,False,False,False,False,False,True,False
19.4,1,45.0,7.9,Praga-Południe,False,True,343000,17680.41237113402,19.4,stary,False,True,False,False,False,False,True,False,False
26.9,1,105.0,2.8,Mokotów,True,False,753000,27992.565055762083,26.9,,False,True,False,False,False,True,False,False,False
31.3,1,89.0,4.0,Mokotów,False,False,848000,27092.651757188498,31.3,stary,False,True,False,False,False,True,False,False,False
70.8,4,4.0,4.0,Mokotów,True,True,1819000,25692.090395480227,17.7,nowy,True,True,True,True,False,True,False,False,False
49.1,3,42.0,8.5,Praga-Południe,False,True,710000,14460.28513238289,16.366666666666667,stary,False,True,True,False,False,False,True,False,False
20.2,1,89.0,5.7,Bemowo,False,True,479000,23712.871287128713,20.2,stary,False,True,False,False,True,False,False,False,False
68.0,3,52.0,2.8,Mokotów,False,False,1037000,15250.0,22.666666666666668,stary,False,True,True,False,False,True,False,False,False
51.8,2,106.0,2.8,Praga-Południe,True,False,1195000,23069.49806949807,25.9,,False,True,True,False,False,False,True,False,False
23.6,1,119.0,3.8,Żoliborz,False,False,612000,25932.203389830505,23.6,,False,True,False,False,False,False,False,False,True
40.3,1,32.0,4.7,Mokotów,True,True,801000,19875.930521091814,40.3,stary,False,True,False,True,False,True,False,False,False
43.1,3,87.0,1.4,Śródmieście,False,False,1564000,36287.7030162413,14.366666666666667,stary,False,True,False,False,False,False,False,True,False
35.7,1,83.0,6.4,Mokotów,False,True,932000,26106.44257703081,35.7,stary,False,True,False,False,False,True,False,False,False
69.1,3,33.0,11.9,Bemowo,False,True,934000,13516.642547033287,23.03333333333333,stary,False,False,True,False,True,False,False,False,False
25.9,2,73.0,6.3,Mokotów,False,True,482000,18610.03861003861,12.95,stary,False,True,False,False,False,True,False,False,False
43.1,2,34.0,1.6,Mokotów,True,False,725000,16821.345707656612,21.55,stary,False,True,False,False,False,True,False,False,False
31.5,1,8.0,8.2,Praga-Południe,False,True,923000,29301.5873015873,31.5,sredni,False,True,False,False,False,False,True,False,False
24.8,2,40.0,3.9,Mokotów,True,True,436000,17580.645161290322,12.4,stary,False,True,False,True,False,True,False,False,False
34.9,1,103.0,1.9,Bemowo,False,False,802000,22979.942693409743,34.9,,False,True,False,False,True,False,False,False,False
29.5,1,11.0,3.0,Bemowo,True,True,825000,27966.101694915254,29.5,sredni,False,True,False,False,True,False,False,False,False
56.8,2,49.0,2.6,Żoliborz,False,False,874000,15387.323943661973,28.4,stary,False,True,True,False,False,False,False,False,True
46.2,2,33.0,6.3,Bemowo,False,True,570000,12337.662337662337,23.1,stary,False,True,False,False,True,False,False,False,False
27.3,2,65.0,8.1,Praga-Południe,False,True,612000,22417.582417582416,13.65,stary,False,True,False,False,False,False,True,False,False
60.7,3,105.0,3.3,Praga-Południe,True,True,1286000,21186.161449752883,20.233333333333334,,False,True,True,False,False,False,True,False,False
42.5,2,0.0,3.0,Mokotów,False,True,985000,23176.470588235294,21.25,,True,True,False,False,False,True,False,False,False
55.3,2,33.0,5.5,Bemowo,False,False,972000,17576.853526220617,27.65,stary,False,True,True,False,True,False,False,False,False
20.0,1,69.0,3.2,Mokotów,False,False,462000,23100.0,20.0,stary,False,True,False,False,False,True,False,False,False
42.9,3,51.0,7.8,Bemowo,False,True,738000,17202.797202797203,14.299999999999999,stary,False,True,False,False,True,False,False,False,False
53.7,2,37.0,9.5,Praga-Południe,True,False,866000,16126.629422718808,26.85,stary,False,True,True,False,False,False,True,False,False
28.0,1,39.0,3.1,Żoliborz,False,True,472000,16857.14285714286,28.0,stary,False,True,False,False,False,False,False,False,True
37.8,2,96.0,1.4,Mokotów,False,False,849000,22460.317460317463,18.9,stary,False,True,False,False,False,True,False,False,False
60.1,1,104.0,6.4,Praga-Południe,False,True,1297000,21580.698835274543,60.1,,False,True,True,False,False,False,True,False,False
53.6,2,48.0,2.7,Praga-Południe,False,True,825000,15391.791044776119,26.8,stary,False,True,True,False,False,False,True,False,False
67.2,3,100.0,13.8,Mokotów,False,False,1178000,17529.761904761905,22.400000000000002,stary,False,False,True,False,False,True,False,False,False
45.4,2,2.0,10.5,Mokotów,True,True,1360000,29955.94713656388,22.7,nowy,True,False,False,True,False,True,False,False,False
66.8,3,47.0,8.9,Bemowo,False,True,858000,12844.311377245509,22.266666666666666,stary,False,True,True,False,True,False,False,False,False
44.3,2,38.0,4.9,Praga-Południe,False,False,726000,16388.261851015803,22.15,stary,False,True,False,False,False,False,True,False,False
43.5,1,106.0,7.6,Bemowo,True,False,1088000,25011.494252873563,43.5,,False,True,False,False,True,False,False,False,False
31.6,2,97.0,3.6,Żoliborz,False,True,695000,21993.67088607595,15.8,stary,False,True,False,False,False,False,False,False,True
24.6,1,85.0,3.8,Żoliborz,False,True,696000,28292.682926829268,24.6,stary,False,True,False,False,False,False,False,False,True
76.8,3,43.0,2.5,Bemowo,False,True,1066000,13880.208333333334,25.599999999999998,stary,False,True,True,False,True,False,False,False,False
47.6,2,3.0,3.0,Mokotów,False,True,1157000,24306.72268907563,23.8,nowy,True,True,True,False,False,True,False,False,False
39.2,2,50.0,6.7,Bemowo,True,True,658000,16785.714285714286,19.6,stary,False,True,False,False,True,False,False,False,False
32.8,1,100.0,13.5,Bemowo,False,True,743000,22652.439024390245,32.8,stary,False,False,False,False,True,False,False,False,False
58.6,2,41.0,2.5,Mokotów,False,True,1053000,17969.28327645051,29.3,stary,False,True,True,False,False,True,False,False,False
61.5,3,51.0,5.7,Mokotów,False,True,1036000,16845.52845528455,20.5,stary,False,True,True,False,False,True,False,False,False
75.7,3,51.0,3.7,Bemowo,False,False,1069000,14121.532364597093,25.233333333333334,stary,False,True,True,False,True,False,False,False,False
43.1,2,34.0,6.1,Bemowo,False,True,680000,15777.262180974478,21.55,stary,False,True,False,False,True,False,False,False,False
64.6,3,1.0,3.3,Mokotów,False,True,1330000,20588.23529411765,21.53333333333333,nowy,True,True,True,False,False,True,False,False,False
37.2,2,44.0,5.7,Mokotów,True,True,711000,19112.90322580645,18.6,stary,False,True,False,True,False,True,False,False,False
58.0,3,80.0,0.3,Śródmieście,False,True,2132000,36758.620689655174,19.333333333333332,stary,False,True,True,False,False,False,False,True,False
56.1,3,35.0,3.8,Praga-Południe,False,True,855000,15240.641711229946,18.7,stary,False,True,True,False,False,False,True,False,False
72.3,3,6.0,4.4,Żoliborz,False,True,1367000,18907.330567081604,24.099999999999998,sredni,False,True,True,False,False,False,False,False,True
54.3,3,45.0,13.6,Mokotów,False,True,694000,12780.847145488031,18.099999999999998,stary,False,False,True,False,False,True,False,False,False
42.5,2,109.0,7.8,Praga-Południe,False,False,1035000,24352.941176470587,21.25,,False,True,False,False,False,False,True,False,False
57.4,3,52.0,3.6,Żoliborz,False,True,835000,14547.038327526132,19.133333333333333,stary,False,True,True,False,False,False,False,False,True
73.7,3,30.0,8.3,Mokotów,False,False,1124000,15251.01763907734,24.566666666666666,stary,False,True,True,False,False,True,False,False,False
54.6,3,41.0,3.3,Mokotów,False,True,708000,12967.032967032967,18.2,stary,False,True,True,False,False,True,False,False,False
35.9,1,106.0,1.3,Śródmieście,False,False,1610000,44846.796657381616,35.9,,False,True,False,False,False,False,False,True,False
53.9,3,40.0,6.8,Bemowo,False,False,787000,14601.113172541744,17.966666666666665,stary,False,True,True,False,True,False,False,False,False
49.9,2,5.0,1.1,Mokotów,True,False,1276000,25571.142284569138,24.95,nowy,False,True,True,False,False,True,False,False,False
88.8,4,37.0,1.7,Mokotów,False,False,1370000,15427.927927927929,22.2,stary,False,True,True,False,False,True,False,False,False
86.2,3,81.0,1.5,Mokotów,False,False,1540000,17865.429234338746,28.733333333333334,stary,False,True,True,False,False,True,False,False,False
32.6,1,95.0,2.2,Śródmieście,False,False,1068000,32760.736196319016,32.6,stary,False,True,False,False,False,False,False,True,False
26.9,1,7.0,12.2,Praga-Południe,True,True,829000,30817.843866171006,26.9,sredni,False,False,False,False,False,False,True,False,False
21.1,1,62.0,1.7,Żoliborz,False,True,476000,22559.241706161138,21.1,stary,False,True,False,False,False,False,False,False,True
23.1,1,4.0,4.0,Mokotów,False,True,659000,28528.138528138526,23.1,nowy,True,True,False,False,False,True,False,False,False
43.8,2,96.0,2.1,Żoliborz,False,False,1078000,24611.872146118723,21.9,stary,False,True,False,False,False,False,False,False,True
66.8,3,54.0,10.6,Bemowo,False,False,1104000,16526.94610778443,22.266666666666666,stary,False,False,True,False,True,False,False,False,False
31.2,1,1.0,3.4,Bemowo,True,True,1098000,35192.307692307695,31.2,nowy,True,True,False,False,True,False,False,False,False
18.4,1,81.0,4.9,Mokotów,False,False,438000,23804.34782608696,18.4,stary,False,True,False,False,False,True,False,False,False
93.1,4,87.0,6.3,Praga-Południe,False,False,2007000,21557.46509129968,23.275,stary,False,True,True,False,False,False,True,False,False
64.3,2,106.0,9.5,Bemowo,False,True,1029000,16003.110419906689,32.15,,False,True,True,False,True,False,False,False,False
89.3,2,34.0,4.1,Praga-Południe,False,False,1465000,16405.375139977605,44.65,stary,False,True,True,False,False,False,True,False,False
26.1,1,39.0,2.5,Mokotów,False,True,515000,19731.800766283523,26.1,stary,False,True,False,False,False,True,False,False,False
52.7,1,49.0,2.5,Żoliborz,True,False,898000,17039.848197343454,52.7,stary,False,True,True,False,False,False,False,False,True
22.8,1,11.0,3.0,Mokotów,True,True,662000,29035.087719298244,22.8,sredni,False,True,False,True,False,True,False,False,False
33.7,1,31.0,3.0,Mokotów,False,True,729000,21632.047477744807,33.7,stary,False,True,False,False,False,True,False,False,False
47.2,2,76.0,6.6,Praga-Południe,False,True,1077000,22817.79661016949,23.6,stary,False,True,True,False,False,False,True,False,False
